s_obs	s_chao1	se_chao1	station_code	study	field_number	mpa_name	mpa_lat	mpa_long	mpa_location	mpa_habitat_full	mpa_year_established	mpa_area_ha	mpa_province	mpa_year	mpa_year_established_earliest	study_station_code	station_mpa_distance_km	adjusted_latitude	adjusted_longitude	locality	province_state	island_group	island	bottom	depth_m	date_collected	year_survey	closest_mpa_age_during_study_yrs	pc1_mpa_infl	PC2	PC3
58	79.11111111111111	12.604230816316068	dau_09	cas_2016	DAU-09	South Lipayo Marine Sanctuary	9.19113	123.27294	Dauin, Negros Oriental	Coral reef	2005	8.2	Negros	post70s	2005	cas_2016-dau_09	0.5395971714964692	9.195861	123.274139	Dauin, VIP Resort reef	Negros Oriental	NA	Negros I.	coral & sand	30 - 50 ft.	2016-04-06	2016	11	-1.2063493826965956	0.44581984898252464	0.2629980680745886
54	82.875	16.693315309812757	dau_15	cas_2016	DAU-15	Malusay Marine Reserve	9.19113	123.28395	Malusay, Guihulngan, Negros Oriental	Coral reef	1996	6	Negros	post70s	1996	cas_2016-dau_15	1.2153655560589773	9.2011	123.2793	Negros I., Dauin, San Miguel dive site	Negros Oriental	NA	Negros I.	NA	79 ft.	2016-04-09	2016	20	-0.9089813513892772	0.9310646476317831	0.21068710081936548
38	51.125	9.006324840058578	dau_18	cas_2016	DAU-18	South Lipayo Marine Sanctuary	9.19113	123.27294	Dauin, Negros Oriental	Coral reef	2005	8.2	Negros	post70s	2005	cas_2016-dau_18	0.6543575820049572	9.196639	123.275111	Negros I., Dauin, VIP reef	Negros Oriental	NA	Negros I.	sand w/ some seagrass; slope w/ outcrops	19 ft.	2016-04-09	2016	11	-1.2051881096534611	0.44501120665739574	0.2616762948156779
1	1	-0	dau_19	cas_2016	DAU-19	South Lipayo Marine Sanctuary	9.19113	123.27294	Dauin, Negros Oriental	Coral reef	2005	8.2	Negros	post70s	2005	cas_2016-dau_19	0.6701150855820311	9.1969	123.2748	VIP resort reef	Negros Oriental	NA	Negros I.	NA	NA	2016-04-09	2016	11	-1.2050286577653921	0.44490017372997476	0.2614948049903708
15	22.5	8.106324691251887	mab_307	cas_2016	MAB-307	Panagatan Island Marine Turtle Sanctuary	11.86888	121.28611	Sitio Panagatan, Harigue, Caluya, Antique	Coral reef, sandy beach	1975	600	Antique	70s	1975	cas_2016-mab_307	205.60869277568213	13.686611	120.891417	Batangas, Mabini, Basketball (dive site)	Batangas	NA	Luzon I.	NA	94 ft.	2016-04-14	2016	41	3.272624755237609	-0.10279446052689778	-0.5353487461408537
94	117.25	10.999503511159231	mab_308	cas_2016	MAB-308	Panagatan Island Marine Turtle Sanctuary	11.86888	121.28611	Sitio Panagatan, Harigue, Caluya, Antique	Coral reef, sandy beach	1975	600	Antique	70s	1975	cas_2016-mab_308	209.35926029277206	13.717278	120.872472	Batangas, Mabini, Koala (dive site)	Batangas	NA	Luzon I.	NA	10 - 19 ft.	2016-04-14	2016	41	3.3105771548042684	-0.12922228196927632	-0.5785465686988487
55	81.25	15.46774122584832	mab_319	cas_2016	MAB-319	Panagatan Island Marine Turtle Sanctuary	11.86888	121.28611	Sitio Panagatan, Harigue, Caluya, Antique	Coral reef, sandy beach	1975	600	Antique	70s	1975	cas_2016-mab_319	207.33919533052153	13.688167	120.827278	Batangas, Tingloy, Sepok (dive site)	Batangas	NA	Luzon I.	NA	85 ft.	2016-04-15	2016	41	3.29013589831479	-0.11498819182662379	-0.5552801143829889
39	66.2	18.164094125715575	mab_320	cas_2016	MAB-320	Panagatan Island Marine Turtle Sanctuary	11.86888	121.28611	Sitio Panagatan, Harigue, Caluya, Antique	Coral reef, sandy beach	1975	600	Antique	70s	1975	cas_2016-mab_320	204.8022610588179	13.670139	120.850694	Batangas, Tingloy, Dapdapan	Batangas	Zapato Is.	Maricaban I.	NA	64 ft.	2016-04-16	2016	41	3.264464385213019	-0.09711205824467006	-0.5260605266776639
46	57.333333333333336	7.296440313260679	mab_321	cas_2016	MAB-321	Panagatan Island Marine Turtle Sanctuary	11.86888	121.28611	Sitio Panagatan, Harigue, Caluya, Antique	Coral reef, sandy beach	1975	600	Antique	70s	1975	cas_2016-mab_321	206.95385177729338	13.687944	120.841333	Batangas, Tingloy, between Maricaban & Caban Islands, off Caban I., Layag-Layag.	Batangas	NA	Caban I.	NA	0 - 3 ft.	2016-04-16	2016	41	3.2862365650976404	-0.11227292525102395	-0.5508418520772531
1	1	-0	mab_327	cas_2016	MAB-327	NA	NA	NA	NA	NA	NA	NA	NA	NA	NA	NA	NA	NA	NA	NA	NA	NA	NA	NA	NA	NA	NA	NA	NA	NA	NA
82	94.04761904761905	6.7096837737251676	mab_332	cas_2016	MAB-332	Panagatan Island Marine Turtle Sanctuary	11.86888	121.28611	Sitio Panagatan, Harigue, Caluya, Antique	Coral reef, sandy beach	1975	600	Antique	70s	1975	cas_2016-mab_332	219.57642853982537	13.817944	120.904	Ligpo (dive site)	Batangas	NA	Luzon I.	base wall, coral & sand	40 - 53 ft.	2016-04-17	2016	41	3.4139657886536945	-0.20121605273849985	-0.6962246051480756
60	81	11.890637342144782	mab_333	cas_2016	MAB-333	Panagatan Island Marine Turtle Sanctuary	11.86888	121.28611	Sitio Panagatan, Harigue, Caluya, Antique	Coral reef, sandy beach	1975	600	Antique	70s	1975	cas_2016-mab_333	203.80838975286423	13.674	120.911028	Batangas, Bauan, between Ligpo and Dive & Trek.	Batangas	NA	Luzon I.	rock intertidal surge channels	0 - 10 ft.	2016-04-17	2016	41	3.254407293653004	-0.09010889051318349	-0.5146134387037937
85	116	14.53497356816156	mab_342	cas_2016	MAB-342	Panagatan Island Marine Turtle Sanctuary	11.86888	121.28611	Sitio Panagatan, Harigue, Caluya, Antique	Coral reef, sandy beach	1975	600	Antique	70s	1975	cas_2016-mab_342	203.94692475010018	13.659028	120.837389	Batangas, Tingloy, south side of Maricaban I., Batalang Bato (""Kitchen Rock"").	Batangas	Zapato Is.	Maricaban I.	NA	45 - 63 ft.	2016-04-18	2016	41	3.2558091443182984	-0.09108505696100466	-0.5162090399565109
38	74.14285714285714	20.811090203567215	mab_349	cas_2016	MAB-349	Panagatan Island Marine Turtle Sanctuary	11.86888	121.28611	Sitio Panagatan, Harigue, Caluya, Antique	Coral reef, sandy beach	1975	600	Antique	70s	1975	cas_2016-mab_349	202.9839980144832	13.651028	120.841389	Batangas, Tingloy, south side of Maricaban I., Devil's Point (dive site)	Batangas	Zapato Is.	Maricaban I.	NA	100 - 130 ft.	2016-04-20	2016	41	3.2460651842223847	-0.08429993558536752	-0.5051183615266488
55	92.5	20.624232172439843	mab_350	cas_2016	MAB-350	Panagatan Island Marine Turtle Sanctuary	11.86888	121.28611	Sitio Panagatan, Harigue, Caluya, Antique	Coral reef, sandy beach	1975	600	Antique	70s	1975	cas_2016-mab_350	206.8286868245473	13.684194	120.8305	Batangas, Tingloy, SW tip of Maricaban I., Cemetery (dive site)	Batangas	Zapato Is.	Maricaban I.	NA	0 - 5 ft.	2016-04-20	2016	41	3.28497000736292	-0.11139096885190702	-0.5494002426689253
32	38.111111111111114	4.972737944884476	mab_355	cas_2016	MAB-355	Panagatan Island Marine Turtle Sanctuary	11.86888	121.28611	Sitio Panagatan, Harigue, Caluya, Antique	Coral reef, sandy beach	1975	600	Antique	70s	1975	cas_2016-mab_355	202.97421689394457	13.650917	120.841306	Batangas, Tingloy, south side of Maricaban I., Devil's Point (dive site)	Batangas	Zapato Is.	Maricaban I.	NA	117 ft.	2016-04-21	2016	41	3.2459662080025993	-0.08423101436053315	-0.5050057057465513
61	76.8125	8.712546121377793	mab_356	cas_2016	MAB-356	Panagatan Island Marine Turtle Sanctuary	11.86888	121.28611	Sitio Panagatan, Harigue, Caluya, Antique	Coral reef, sandy beach	1975	600	Antique	70s	1975	cas_2016-mab_356	207.13518613492138	13.687556	120.832611	Batangas, Tingloy, SW tip of Maricaban I., ""MYC"" (Mabini Yacht Club) [painted on a rock]	Batangas	Zapato Is.	Maricaban I.	sand, rock, sparse coral	45 - 70 ft.	2016-04-21	2016	41	3.288071507133613	-0.11355067108626704	-0.5529304025082982
74	96.55555555555556	11.041145199923507	sia_03	cas_2016	SIA-03	Antulang (Dive Hub) Marine Reserve	9.05811	123.13571	Antulang, Si-it, Siaton, Negros Oriental	Coral reef	2007	0.33	Negros	post70s	2007	cas_2016-sia_03	2.1551968497581293	9.0473	123.1194	Siaton, Siit (reef / dive site)	Negros Oriental	NA	Negros I.	NA	20 - 60 ft.	2016-04-05	2016	9	-1.274589666873948	0.33582750742384854	0.23039998232076592
61	84	12.760534574265114	sia_06	cas_2016	SIA-06	Antulang (Dive Hub) Marine Reserve	9.05811	123.13571	Antulang, Si-it, Siaton, Negros Oriental	Coral reef	2007	0.33	Negros	post70s	2007	cas_2016-sia_06	2.4416337698380852	9.0504	123.1149	Siaton, Tambobo (dive site)	Negros Oriental	NA	Negros I.	coral sand	20 - 30 ft.	2016-04-05	2016	9	-1.2716911806070077	0.3338091718669269	0.2271008945983634
55	88.83333333333334	16.872189313835666	sqr_06	cas_2016	SQR-06	North Lipayo Marine Reserve	9.27639	123.32278	Dauin, Negros Oriental	Coral reef	2000(2005)	2.21	Negros	post70s	2000	cas_2016-sqr_06	19.395466699383334	9.1712	123.464	Central Visayas Region, Siquijor I., San Juan, Paliton Wall	Siquijor	NA	Siquijor I.	coral reef drop-off	60 - 87 ft.	2016-04-04	2016	16	-0.8655621277728482	0.5910453101281514	0.00746093934280861
23	57	23.1955833666519	sqr_09	cas_2016	SQR-09	North Lipayo Marine Reserve	9.27639	123.32278	Dauin, Negros Oriental	Coral reef	2000(2005)	2.21	Negros	post70s	2000	cas_2016-sqr_09	18.06251872867171	9.1787	123.4545	Central Visayas Region, Siquijor I., San Juan, Agak-ak Point	Siquijor	NA	Siquijor I.	mostly sand, some rock & algae	NA	2016-04-04	2016	16	-0.8790503728865553	0.6004377316220806	0.02281340257816394
68	116	22.938722859219588	sqr_12	cas_2016	SQR-12	North Lipayo Marine Reserve	9.27639	123.32278	Dauin, Negros Oriental	Coral reef	2000(2005)	2.21	Negros	post70s	2000	cas_2016-sqr_12	19.613647938364686	9.170194	123.465722	Central Visayas Region, Siquijor I., San Juan, Paliton [Wall]	Siquijor	NA	Siquijor I.	NA	43 ft.	2016-04-08	2016	16	-0.8633543281473148	0.5895079281720601	0.004947998460114451
8	15.5	8.072129470811799	sqr_15	cas_2016	SQR-15	North Lipayo Marine Reserve	9.27639	123.32278	Dauin, Negros Oriental	Coral reef	2000(2005)	2.21	Negros	post70s	2000	cas_2016-sqr_15	18.078152374134355	9.178722	123.454694	Siquijor I., Tambesan	Siquijor	NA	Siquijor I.	short seagrass	0 -5 ft.	2016-04-08	2016	16	-0.8788921743321823	0.6003275714426151	0.0226333393105243
75	108.83333333333334	16.873183823194434	sqr_18	cas_2016	SQR-18	North Lipayo Marine Reserve	9.27639	123.32278	Dauin, Negros Oriental	Coral reef	2000(2005)	2.21	Negros	post70s	2000	cas_2016-sqr_18	20.839860123577314	9.165361	123.476	Siquijor I., off Solongon	Siquijor	NA	Siquijor I.	NA	50 - 67 ft.	2016-04-10	2016	16	-0.8509461540257606	0.5808676046653893	-0.009175116549521693
53	84.5	15.942877633044237	sqr_21	cas_2016	SQR-21	Malusay Marine Reserve	9.19113	123.28395	Malusay, Guihulngan, Negros Oriental	Coral reef	1996	6	Negros	post70s	1996	cas_2016-sqr_21	26.030257655335415	9.1375	123.514556	Siquijor I., Tubod South	Siquijor	NA	Siquijor I.	NA	0 - 16 ft.	2016-04-10	2016	20	-0.6578767663194337	0.7562101664037226	-0.0751227935008606
75	104.0625	13.824810785511449	zam_05	cas_2016	ZAM-05	Maayong Tubig Marine Reserve	9.14165	123.2322	Maayong Tubig, Dauin, Negros Oriental	Coral reef (fringing)	2000	7.129	Negros	post70s	2000	cas_2016-zam_05	0.36518501783891677	9.139333	123.229833	Zambanguita, Mojon dive site	Negros Oriental	NA	Negros I.	coral, rubble, sand	33 - 70 ft.	2016-04-02	2016	16	-1.0463464981358335	0.7190886374422987	0.24070139873381496
30	35.625	4.810170727464614	zam_08	cas_2016	ZAM-08	Basak Marine Sanctuary	9.10125	123.204	Basak, Zamboanguita, Negros Oriental	Coral reef	2006	7.8	Negros	post70s	2006	cas_2016-zam_08	0.6140645183216044	9.1044	123.2086	Zambanguita, ""Busak"" (Basak?)	Negros Oriental	NA	Negros I.	sand, rock, sponge	70 ft.	2016-04-03	2016	10	-1.2394209176567037	0.3916426753149998	0.2652464250630848
22	29.2	6.4278207389483715	JL_79-01	si_1978	JL-1	Sumilon Island Fish Sanctuary	9.43249	123.38522	Mainit, Sumilon Is., Oslob, Cebu	Coral reef	1974 (1980)	40	Cebu	70s	1974	si_1978-JL_79-01	54.76708743077256	8.972000000000001	123.202	300 Yards S.W. Harbor Entrance, Bonbonon Bay, Negros Oriental, P.I.	Negros Oriental	NA	Negros	NA	13.1	1979-04-28	1979	5	-0.7786284239143464	-0.3002695087042145	-0.2452152644277103
32	38	5.38348473525623	JL_79-02	si_1978	JL-2	Sumilon Island Fish Sanctuary	9.43249	123.38522	Mainit, Sumilon Is., Oslob, Cebu	Coral reef	1974 (1980)	40	Cebu	70s	1974	si_1978-JL_79-02	10.752083978026272	9.33533	123.38199999999999	Liloan Point (Whirlpool Point), Southern Tip Cebu, P.I.	Cebu	NA	Cebu Island	NA	13 to 19	1979-04-29	1979	5	-1.2240210185963052	0.009875728445765009	0.2617352971546474
37	41.666666666666664	4.4879041824238275	JL_79-03	si_1978	JL-3	Sumilon Island Fish Sanctuary	9.43249	123.38522	Mainit, Sumilon Is., Oslob, Cebu	Coral reef	1974 (1980)	40	Cebu	70s	1974	si_1978-JL_79-03	46.04117800046119	9.847000000000001	123.4237	Northwest side of Pescador Island, 2 km From Cebu Mainland Nearest Town Resort of Moalboal, Cebu, Philippine Islands	Cebu	NA	Pescador Island	sandy white, mostly coral	18 to 24	1979-05-07	1979	5	-0.8669268480255379	-0.23878367348171814	-0.14471306429128988
24	25.428571428571427	1.9319439070748352	JL_79-04	si_1978	JL-4	Sumilon Island Fish Sanctuary	9.43249	123.38522	Mainit, Sumilon Is., Oslob, Cebu	Coral reef	1974 (1980)	40	Cebu	70s	1974	si_1978-JL_79-04	46.04117800046119	9.847000000000001	123.4237	Northwest side of Pescador Island, 2 km From Cebu Mainland Nearest Town Resort of Moalboal, Cebu, P.I.	Cebu	NA	Cebu Island	white sandy, mainly hard coral	30	1979-05-08	1979	5	-0.8669268480255379	-0.23878367348171814	-0.14471306429128988
14	24	10.234235845109948	JL_79-05	si_1978	JL-5	Sumilon Island Fish Sanctuary	9.43249	123.38522	Mainit, Sumilon Is., Oslob, Cebu	Coral reef	1974 (1980)	40	Cebu	70s	1974	si_1978-JL_79-05	29.194191336362685	9.693667000000001	123.423667	SW Coast Cebu-Vicinity Santa Filomena, Just S of Guiuanon Point, Southern Cebu, P.I.	Cebu	NA	Cebu Island	sandy - mangrove roots	0 to 1	1979-05-08	1979	5	-1.0374033336391502	-0.1200738640003024	0.049325074533446214
21	24.333333333333332	4.110607151636121	JL_79-06	si_1978	JL-6	Sumilon Island Fish Sanctuary	9.43249	123.38522	Mainit, Sumilon Is., Oslob, Cebu	Coral reef	1974 (1980)	40	Cebu	70s	1974	si_1978-JL_79-06	48.27824154616829	8.997	123.35533299999999	(Apo-Southwest) Apo Island, Southwest Side, Negros Oriental, Philippine Islands	Negros Oriental	NA	Negros	coral - sand	29 to 37	1979-05-11	1979	5	-0.8442897593300753	-0.25454681217254593	-0.1704788380463496
66	93.6	15.117237232327259	JL_79-07	si_1978	JL-7	Sumilon Island Fish Sanctuary	9.43249	123.38522	Mainit, Sumilon Is., Oslob, Cebu	Coral reef	1974 (1980)	40	Cebu	70s	1974	si_1978-JL_79-07	17.574677416313346	9.47325	123.53989999999999	Caceres Reef near Huisan Point, east coast of Cebu, Philippine Islands	Cebu	NA	Cebu Island	NA	24 to 30	1979-05-18	1979	5	-1.1549824554799553	-0.03819867105228647	0.18315487448806822
30	35.142857142857146	4.647355999740057	LK_79-01	si_1978	LK 79-1	Sumilon Island Fish Sanctuary	9.43249	123.38522	Mainit, Sumilon Is., Oslob, Cebu	Coral reef	1974 (1980)	40	Cebu	70s	1974	si_1978-LK_79-01	13.759119444785059	9.317	123.33866699999999	Near Senora Ascion, North of Dumaguete, Negros Oriental, Philippine Islands	Negros Oriental	NA	Negros	NA	0 to 2	1979-04-23	1979	5	-1.193592500505236	-0.011312903947676478	0.22710123606209232
69	83.61538461538461	8.64523233868913	LK_79-02	si_1978	LK 79-2	Sumilon Island Fish Sanctuary	9.43249	123.38522	Mainit, Sumilon Is., Oslob, Cebu	Coral reef	1974 (1980)	40	Cebu	70s	1974	si_1978-LK_79-02	61.62981456512452	8.973667	123.067	Near Maloh, Negros Oriental, Philippine Islands	Negros Oriental	NA	Negros	coral, rock, sand	0 to 3	1979-04-24	1979	5	-0.709183743573816	-0.3486267043787359	-0.3242579340138042
73	83.6875	6.539310253134665	LK_79-03	si_1978	LK 79-3	Sumilon Island Fish Sanctuary	9.43249	123.38522	Mainit, Sumilon Is., Oslob, Cebu	Coral reef	1974 (1980)	40	Cebu	70s	1974	si_1978-LK_79-03	61.0004810854717	9.030333	123.005333	Near Giligaon, North of Maloh, Negros Oriental, P.I.	Negros Oriental	NA	Negros	NA	0 to 2	1979-04-26	1979	5	-0.7155520373244623	-0.34419219873333945	-0.3170094747179849
71	98	13.815138929437412	LK_79-04	si_1978	LK 79-4	Sumilon Island Fish Sanctuary	9.43249	123.38522	Mainit, Sumilon Is., Oslob, Cebu	Coral reef	1974 (1980)	40	Cebu	70s	1974	si_1978-LK_79-04	50.921465764470014	8.988667000000001	123.262	Port Siyt, Southern Negros Oriental, Philippine Islands	Negros Oriental	NA	Negros	NA	0 to 3	1979-04-28	1979	5	-0.8175426867283546	-0.2731719022036273	-0.2009226389492561
82	98.15384615384616	9.319881735055947	LK_79-05	si_1978	LK 79-5	Sumilon Island Fish Sanctuary	9.43249	123.38522	Mainit, Sumilon Is., Oslob, Cebu	Coral reef	1974 (1980)	40	Cebu	70s	1974	si_1978-LK_79-05	77.76101747770095	8.735333	123.293667	West Side of Alibay (Aliguay I.), Zamboanga Del Norte, Mindanao, P.I.	Zamboanga del Norte	NA	Mindanao	NA	0 to 3	1979-05-02	1979	5	-0.5459503513900128	-0.4622928491106476	-0.5100519072963244
43	60.14285714285714	11.461340768131311	LK_79-06	si_1978	LK 79-6	Sumilon Island Fish Sanctuary	9.43249	123.38522	Mainit, Sumilon Is., Oslob, Cebu	Coral reef	1974 (1980)	40	Cebu	70s	1974	si_1978-LK_79-06	73.835914653189	8.773667000000001	123.49366699999999	Salino (Selinog) I., S.W. Side Zamboanga Del Norte, Mindanao, P.I.	Zamboanga del Norte	NA	Mindanao	NA	14 to 21	1979-05-02	1979	5	-0.5856688926660509	-0.4346351903386055	-0.4648438435666219
96	110.05555555555556	7.76791294271941	LK_79-07	si_1978	LK 79-7	Sumilon Island Fish Sanctuary	9.43249	123.38522	Mainit, Sumilon Is., Oslob, Cebu	Coral reef	1974 (1980)	40	Cebu	70s	1974	si_1978-LK_79-07	73.26062760091831	8.778667	123.49199999999999	West Side of Solino (Selinog) I., Zamboanga Del Norte, Mindanao, P.I.	Zamboanga del Norte	NA	Selinog Island	NA	0 to 5	1979-05-03	1979	5	-0.5914902847550657	-0.43058151488115937	-0.45821787352591103
48	81	19.32356009654372	LK_79-08	si_1978	LK 79-8	Sumilon Island Fish Sanctuary	9.43249	123.38522	Mainit, Sumilon Is., Oslob, Cebu	Coral reef	1974 (1980)	40	Cebu	70s	1974	si_1978-LK_79-08	73.44262644020893	8.777000000000001	123.49199999999999	West Side Solino (Selinog) I., Zamboanga Del Norte, Mindanao, P.I.	Zamboanga del Norte	NA	Mindanao	coral rubble and coral heads	0 to 21	1979-05-03	1979	5	-0.5896486187570662	-0.43186394288854113	-0.4603140772416455
43	65.66666666666667	14.905579294442116	LK_79-09	si_1978	LK 79-9	Sumilon Island Fish Sanctuary	9.43249	123.38522	Mainit, Sumilon Is., Oslob, Cebu	Coral reef	1974 (1980)	40	Cebu	70s	1974	si_1978-LK_79-09	72.68545723744397	8.783667000000001	123.49033299999999	West Side of Solino (Selinog) I., Zamboanga Del Norte, Mindanao, P.I.	Zamboanga del Norte	NA	Mindanao	NA	12 to 18	1979-05-04	1979	5	-0.597310496057492	-0.42652866165412506	-0.4515932474689829
51	90	20.565200439961735	LK_79-10	si_1978	LK 79-10	Sumilon Island Fish Sanctuary	9.43249	123.38522	Mainit, Sumilon Is., Oslob, Cebu	Coral reef	1974 (1980)	40	Cebu	70s	1974	si_1978-LK_79-10	72.7148118308023	8.783667000000001	123.49199999999999	West Side Solino (Selinog) Island, Zamboanga Del Norte, Mindanao, Philippine Islands	Zamboanga del Norte	NA	Mindanao	NA	0 to 5	1979-05-04	1979	5	-0.5970134537429153	-0.4267355044714461	-0.451931344172849
38	42.666666666666664	4.488034933211683	LK_79-11	si_1978	LK 79-11	Sumilon Island Fish Sanctuary	9.43249	123.38522	Mainit, Sumilon Is., Oslob, Cebu	Coral reef	1974 (1980)	40	Cebu	70s	1974	si_1978-LK_79-11	18.325563425424463	9.505333	123.235333	East Side of Daco Island, North Bais Bay, Negros Oriental, Philippine Islands	Negros Oriental	NA	Negros	mud and sand	0 to 1	1979-05-07	1979	5	-1.1473841584977131	-0.043489678688316435	0.1745064125059651
32	41.333333333333336	8.843837446075122	LK_79-12	si_1978	LK 79-12	Sumilon Island Fish Sanctuary	9.43249	123.38522	Mainit, Sumilon Is., Oslob, Cebu	Coral reef	1974 (1980)	40	Cebu	70s	1974	si_1978-LK_79-12	57.34976317864273	8.972000000000001	123.14533329999999	Canauay River About 250 Ft Upstream From Mouth, Along Western Shore and In Tidal Mangrove Pool, Negros Oriental, Philippine Islands	Negros Oriental	NA	Negros	NA	0 to 0.9	1979-05-09	1979	5	-0.7524940478532149	-0.31846795285893637	-0.2749616876484547
68	87.46153846153845	10.732576994791364	LK_79-13	si_1978	LK 79-13	Sumilon Island Fish Sanctuary	9.43249	123.38522	Mainit, Sumilon Is., Oslob, Cebu	Coral reef	1974 (1980)	40	Cebu	70s	1974	si_1978-LK_79-13	37.071412183219095	9.147	123.562	Approximately 2 km West Town of Siquijor, Siquijor Island, Philippine Islands	Siquijor	NA	Siquijor Island	NA	24 to 30	1979-05-14	1979	5	-0.9576928813696004	-0.17557954015579536	-0.04140220522944897
34	41.2	6.432067870240381	LK_79-14	si_1978	LK 79-14	Sumilon Island Fish Sanctuary	9.43249	123.38522	Mainit, Sumilon Is., Oslob, Cebu	Coral reef	1974 (1980)	40	Cebu	70s	1974	si_1978-LK_79-14	38.206251799125354	9.137	123.56532999999999	Tidal Lagoon, Northeast Side of Siquijor Island, P.I.	Siquijor	NA	Siquijor Island	mud and sand	0 to 1	1979-05-14	1979	5	-0.9462093161889455	-0.18357602031466447	-0.05447292056421486
88	113	13.299124164388534	LK_79-15	si_1978	LK 79-15	Sumilon Island Fish Sanctuary	9.43249	123.38522	Mainit, Sumilon Is., Oslob, Cebu	Coral reef	1974 (1980)	40	Cebu	70s	1974	si_1978-LK_79-15	36.50777768611138	9.147	123.55199999999999	Near Tonga Point, Siquijor Island, Philippine Islands	Siquijor	NA	Siquijor Island	NA	0 to 1	1979-05-15	1979	5	-0.9633963599888531	-0.1716079727115476	-0.03491044554703286
54	63.54545454545455	6.565206779024713	LK_79-16	si_1978	LK 79-16	Sumilon Island Fish Sanctuary	9.43249	123.38522	Mainit, Sumilon Is., Oslob, Cebu	Coral reef	1974 (1980)	40	Cebu	70s	1974	si_1978-LK_79-16	40.84403518613413	9.1753	123.65199999999999	1 km. West Town of Larena, Siquijor Island, Philippine Islands	Siquijor	NA	Siquijor Island	NA	0 to 30	1979-05-15	1979	5	-0.9195172999492989	-0.20216277232963142	-0.08485405573355169
48	59	8.470703917547647	LK_79-17	si_1978	LK 79-17	Sumilon Island Fish Sanctuary	9.43249	123.38522	Mainit, Sumilon Is., Oslob, Cebu	Coral reef	1974 (1980)	40	Cebu	70s	1974	si_1978-LK_79-17	41.78512732658626	9.152000000000001	123.64	Tidal Inlet At Sabanj, Siquijor Island, P.I.	Siquijor	NA	Siquijor	mud, sand, some gravel	0 to 1	1979-05-16	1979	5	-0.9099942864904729	-0.20879403944730557	-0.0956932503644267
33	37.2	4.334587328896253	LK_79-18	si_1978	LK 79-18	Sumilon Island Fish Sanctuary	9.43249	123.38522	Mainit, Sumilon Is., Oslob, Cebu	Coral reef	1974 (1980)	40	Cebu	70s	1974	si_1978-LK_79-18	16.206573438698733	9.288667	123.357	Ocoy River Near Dumaguete, Negros Oriental, P.I.	Negros Oriental	NA	Negros	sand, rocks, mud	0 to 1	1979-05-17	1979	5	-1.168826448041234	-0.02855852793520941	0.19891225323050954
67	90.75	14.285529089293604	LK_79-19	si_1978	LK 79-19	Sumilon Island Fish Sanctuary	9.43249	123.38522	Mainit, Sumilon Is., Oslob, Cebu	Coral reef	1974 (1980)	40	Cebu	70s	1974	si_1978-LK_79-19	61.62981456512452	8.973667	123.067	Maloh, Negros Oriental, Philippine Islands	Negros Oriental	NA	Negros	NA	0 to 3.1	1979-05-18	1979	5	-0.709183743573816	-0.3486267043787359	-0.3242579340138042
57	117	35.13478321340536	LK_79-20	si_1978	LK 79-20	Sumilon Island Fish Sanctuary	9.43249	123.38522	Mainit, Sumilon Is., Oslob, Cebu	Coral reef	1974 (1980)	40	Cebu	70s	1974	si_1978-LK_79-20	48.27824154616829	8.997	123.35533299999999	Apo Island, Opposite West End of Chanos Pond	Negros Oriental	NA	Negros	NA	0 to 2	1979-05-18	1979	5	-0.8442897593300753	-0.25454681217254593	-0.1704788380463496
16	94	45.09201585222179	SP_78-01	si_1978	SP 78-1	Sumilon Island Fish Sanctuary	9.43249	123.38522	Mainit, Sumilon Is., Oslob, Cebu	Coral reef	1974 (1980)	40	Cebu	70s	1974	si_1978-SP_78-01	9.953479655852355	9.3428	123.3778	Philippine Is., Cebu, SW Tip Off Liloan Pt. Tanon Strait.	Cebu	NA	NA	Limestone and sandy gravel	0 to 1.8	1978-05-08	1978	4	-1.2649689263222375	-0.03864150514149922	0.27518239415506907
12	17.25	5.350228349115686	SP_78-02	si_1978	SP 78-2	Sumilon Island Fish Sanctuary	9.43249	123.38522	Mainit, Sumilon Is., Oslob, Cebu	Coral reef	1974 (1980)	40	Cebu	70s	1974	si_1978-SP_78-02	11.068932566021472	9.334778	123.407	Philippine Islands, Cebu I., southern tip.	Cebu	NA	NA	sand, coral rocks, algae	1 to 2	1978-05-08	1978	4	-1.2536815373200045	-0.04650137973461266	0.2623349686212735
31	40.166666666666664	7.3740035589407	SP_78-03	si_1978	SP 78-3	Sumilon Island Fish Sanctuary	9.43249	123.38522	Mainit, Sumilon Is., Oslob, Cebu	Coral reef	1974 (1980)	40	Cebu	70s	1974	si_1978-SP_78-03	41.063935151135	9.097000000000001	123.5453	Philippine Islands: Siquijor I., W. Side, Paliton Village In San Juan Municipality.	Siquijor	NA	Siquijor	Coral rock, sand and silt, eel grass and Halophila	0 to 2	1978-05-09	1978	4	-0.9501588523060558	-0.2578567463214086	-0.08313776141071288
72	108.9090909090909	18.54629965505346	SP_78-04	si_1978	SP 78-4	Sumilon Island Fish Sanctuary	9.43249	123.38522	Mainit, Sumilon Is., Oslob, Cebu	Coral reef	1974 (1980)	40	Cebu	70s	1974	si_1978-SP_78-04	45.63206954387797	9.0637	123.5714	Philippine Is.: Siquijor I., W. Side, ca. 3/4 mi. South of San Juan Town.	Siquijor	NA	NA	White coral sand	0 to 6	1978-05-09	1978	4	-0.9039334048350813	-0.2900454323018897	-0.13575205458624223
99	145.5	23.00469099032059	SP_78-05	si_1978	SP 78-5	Sumilon Island Fish Sanctuary	9.43249	123.38522	Mainit, Sumilon Is., Oslob, Cebu	Coral reef	1974 (1980)	40	Cebu	70s	1974	si_1978-SP_78-05	40.079261570287066	9.0998	123.5298	Philippine Islands, Siquijor Island, West side, approximately 1 1/4 miles Northwest of Paliton Village	Siquijor	NA	Siquijor Island	living coral, coralline rock, sand	0 to 1.8	1978-05-10	1978	4	-0.9601228710879576	-0.2509183890047889	-0.07179660985719588
94	157.0769230769231	27.262710448656513	SP_78-07	si_1978	SP 78-7	Sumilon Island Fish Sanctuary	9.43249	123.38522	Mainit, Sumilon Is., Oslob, Cebu	Coral reef	1974 (1980)	40	Cebu	70s	1974	si_1978-SP_78-07	45.94002404238636	9.0631	123.57639999999999	Philippine Islands: Siquijor Island, West Side, approximately 1 Mile South of San Juan Town.	Siquijor	NA	Siquijor Island	living coral and coralline sand	0 to 10.7	1978-05-10	1978	4	-0.9008171798577985	-0.29221538830504734	-0.1392989748114843
57	78	11.890468366475186	SP_78-08	si_1978	SP 78-8	Sumilon Island Fish Sanctuary	9.43249	123.38522	Mainit, Sumilon Is., Oslob, Cebu	Coral reef	1974 (1980)	40	Cebu	70s	1974	si_1978-SP_78-08	54.902685005043644	8.972000000000001	123.19866999999999	P.I., Southern Tip of Negros Island, Slightly W. of Inlet W. of Bonbonon Pt.	Negros_Oriental	NA	Negros	rocky, some sand	0 to 1	1978-05-12	1978	4	-0.8101230413080136	-0.3553694583198883	-0.24252800245814432
73	131.58333333333334	26.29689358954924	SP_78-09	si_1978	SP 78-9	Sumilon Island Fish Sanctuary	9.43249	123.38522	Mainit, Sumilon Is., Oslob, Cebu	Coral reef	1974 (1980)	40	Cebu	70s	1974	si_1978-SP_78-09	55.44516500119495	8.962800000000001	123.2089	Southern tip of Negros Island, just off shore from Bonbonon Point	Negros_Oriental	NA	Negros	coral and sand	6 to 9.1	1978-05-12	1978	4	-0.8046336273787773	-0.3591919636898151	-0.24877611144651113
55	65.55555555555556	6.313001090343833	SP_78-10	si_1978	SP 78-10	Sumilon Island Fish Sanctuary	9.43249	123.38522	Mainit, Sumilon Is., Oslob, Cebu	Coral reef	1974 (1980)	40	Cebu	70s	1974	si_1978-SP_78-10	54.927322120955026	8.9678	123.2089	Philippine Islands, Oriental Negros, Just Off Bonbonon Point At Southern Tip of Island.	Negros Oriental	NA	Negros	Rock, coral, sand	0 to 18.3	1978-05-13	1978	4	-0.8098737356594743	-0.35554306012739995	-0.24281176478388067
92	121.52631578947368	13.365742297601999	SP_78-11	si_1978	SP 78-11	Sumilon Island Fish Sanctuary	9.43249	123.38522	Mainit, Sumilon Is., Oslob, Cebu	Coral reef	1974 (1980)	40	Cebu	70s	1974	si_1978-SP_78-11	54.927322120955026	8.9678	123.2089	Philippine Is.: Oriental Negros, Just off Bonbonon Point at southern tip of island	Negros_Oriental	NA	Negros	Rock, coral, sand	0 to 12	1978-05-13	1978	4	-0.8098737356594743	-0.35554306012739995	-0.24281176478388067
67	102	25.606079283957087	SP_78-12	si_1978	SP 78-12	Sumilon Island Fish Sanctuary	9.43249	123.38522	Mainit, Sumilon Is., Oslob, Cebu	Coral reef	1974 (1980)	40	Cebu	70s	1974	si_1978-SP_78-12	61.16615109776191	8.974222000000001	123.073667	Philippine Is., Negros I., South End, ca 1/2 Mile S.E. of Maloh Village, Rocky Shore Along Hwy. 1.	Negros_Oriental	NA	Negros	Coral, rocks, sand	0 to 1	1978-05-13	1978	4	-0.7467423484555586	-0.39950404935297745	-0.31466857735471315
7	8.5	2.2123068210779975	SP_78-13	si_1978	SP 78-13	Sumilon Island Fish Sanctuary	9.43249	123.38522	Mainit, Sumilon Is., Oslob, Cebu	Coral reef	1974 (1980)	40	Cebu	70s	1974	si_1978-SP_78-13	58.40228621171005	8.972833000000001	123.123667	Philippine Is.: Negros Is., S. End, ca. 1 mi. SSE of Siaton Town, Canauay R. Estuary.	Negros_Oriental	NA	NA	sand and silt	0 to 2	1978-05-13	1978	4	-0.7747101970613319	-0.38002888263044543	-0.2828352762934968
45	53.75	6.038662879326435	SP_78-15	si_1978	SP 78-15	Sumilon Island Fish Sanctuary	9.43249	123.38522	Mainit, Sumilon Is., Oslob, Cebu	Coral reef	1974 (1980)	40	Cebu	70s	1974	si_1978-SP_78-15	30.06897680096801	9.5717	123.15	Philippine Is.: Negros Oriental, South Bais Bay.	Negros_Oriental	NA	Negros	sandy	0 to 1	1978-05-15	1978	4	-1.0614180285834893	-0.18038239218151536	0.0434986096661592
78	109	14.794430309941598	SP_78-16	si_1978	SP 78-16	Sumilon Island Fish Sanctuary	9.43249	123.38522	Mainit, Sumilon Is., Oslob, Cebu	Coral reef	1974 (1980)	40	Cebu	70s	1974	si_1978-SP_78-16	31.316183510462103	9.6161	123.1681	Philippine Islands, Oriental Negros, approximately 3 km East of Diutay Island	Negros Oriental	NA	Negros	Rock, coral, sand	0 to 21	1978-05-15	1978	4	-1.0487974085932468	-0.18917065051043658	0.029133686522029238
103	134	14.79498620869323	SP_78-17	si_1978	SP 78-17	Panagatan Island Marine Turtle Sanctuary	11.86888	121.28611	Sitio Panagatan, Harigue, Caluya, Antique	Coral reef, sandy beach	1975	600	Antique	70s	1975	si_1978-SP_78-17	116.38569202304257	10.854663333	121.00239	Philippines, Palawan Prov., Cuyo I.	Palawan	NA	NA	rock, soft and hard corals, muddy sand	1	1978-05-21	1978	3	1.1208312613400382	-1.5315880197137026	0.6537560695160654
100	127.78947368421052	12.759602037842093	SP_78-18	si_1978	SP 78-18	Panagatan Island Marine Turtle Sanctuary	11.86888	121.28611	Sitio Panagatan, Harigue, Caluya, Antique	Coral reef, sandy beach	1975	600	Antique	70s	1975	si_1978-SP_78-18	108.61111742468177	10.919393333	121.03267000000001	Philippine Islands: Palawan Province, Putic Island, Northwest Side (Cuyo Island).	Palawan	NA	Putic Island	Boulders, encrusting corals, sand patches, a little algae	0 to 4.6	1978-05-22	1978	3	1.0421594975940716	-1.4768056252254804	0.7433011030166142
23	32	8.029456268562026	SP_78-19	si_1978	SP 78-19	Panagatan Island Marine Turtle Sanctuary	11.86888	121.28611	Sitio Panagatan, Harigue, Caluya, Antique	Coral reef, sandy beach	1975	600	Antique	70s	1975	si_1978-SP_78-19	109.2146256921404	10.909666333	121.04905600000001	Philippine Is.: Palawan Prov., Cuyo I., N. End	Palawan	NA	NA	mud and sand	0 to 0.8	1978-05-22	1978	3	1.0482664632210081	-1.4810581573179493	0.7363500901549155
109	166.4	24.16050050424007	SP_78-20	si_1978	SP 78-20	Panagatan Island Marine Turtle Sanctuary	11.86888	121.28611	Sitio Panagatan, Harigue, Caluya, Antique	Coral reef, sandy beach	1975	600	Antique	70s	1975	si_1978-SP_78-20	116.40340804779734	10.876333333	120.93183	Philippines: Palawan Prov., Bararin I., W. Side (Cuyo Is.).	Palawan	NA	NA	Living coral, sand, hydroids	0 to 14	1978-05-23	1978	3	1.1210105317163646	-1.5317128530720556	0.6535520220778303
110	151.625	18.319539768585475	SP_78-21	si_1978	SP 78-21	Panagatan Island Marine Turtle Sanctuary	11.86888	121.28611	Sitio Panagatan, Harigue, Caluya, Antique	Coral reef, sandy beach	1975	600	Antique	70s	1975	si_1978-SP_78-21	115.61806894386591	10.879663333	120.94406000000001	Philippine Is: Palawan Province, NNE Side of Bararin Id. (Cuyo Is.)	Palawan	NA	NA	coral and sand	0 to 17	1978-05-24	1978	3	1.113063600130167	-1.526179076779309	0.6625973036531924
20	25	6	SP_78-22	si_1978	SP 78-22	Panagatan Island Marine Turtle Sanctuary	11.86888	121.28611	Sitio Panagatan, Harigue, Caluya, Antique	Coral reef, sandy beach	1975	600	Antique	70s	1975	si_1978-SP_78-22	120.35479312152012	10.816333333	121.00683000000001	Philippine Is., Palawan Prov., Cuyo I., Bisucay Channel, S. W. Side Cuyo I.	Palawan	NA	Cuyo Island	sandy mud, rocks	0 to 0.8	1978-05-24	1978	3	1.160995025923263	-1.5595557058410283	0.6080412479095978
90	125	15.46716234837894	SP_78-24	si_1978	SP 78-24	Panagatan Island Marine Turtle Sanctuary	11.86888	121.28611	Sitio Panagatan, Harigue, Caluya, Antique	Coral reef, sandy beach	1975	600	Antique	70s	1975	si_1978-SP_78-24	99.482127919256655	10.973003333	121.20628	Philippine Is.: Palawan Province, Tagauayan Island, Western Side (Cuyo Is.)	Palawan	NA	NA	coral and sand	0 to 14	1978-05-25	1978	3	0.9497822624767138	-1.4124795456390187	0.8484458489763228
135	172.625	15.131382591633093	SP_78-25	si_1978	SP 78-25	Panagatan Island Marine Turtle Sanctuary	11.86888	121.28611	Sitio Panagatan, Harigue, Caluya, Antique	Coral reef, sandy beach	1975	600	Antique	70s	1975	si_1978-SP_78-25	100.25142662170778	10.964663332999999	121.22406000000001	Philippine Is., Palawan Prov., Tagauayan Is. (Cuyo Is.)	Palawan	NA	NA	sand	0 to 2	1978-05-25	1978	3	0.9575668795002708	-1.417900295605948	0.8395853155527399
4	5	2.16794833886788	SP_78-26	si_1978	SP 78-26	Panagatan Island Marine Turtle Sanctuary	11.86888	121.28611	Sitio Panagatan, Harigue, Caluya, Antique	Coral reef, sandy beach	1975	600	Antique	70s	1975	si_1978-SP_78-26	109.29490001573562	10.883003333	121.35239000000001	Philippine Islands, Cocoro Island (Cuyo Is.).	Palawan	NA	NA	coral, rubble, rock	0 to 3	1978-05-26	1978	3	1.0490787678096196	-1.4816237985124392	0.7354255164815104
89	128.04761904761904	16.143973052892417	SP_78-27	si_1978	SP 78-27	Panagatan Island Marine Turtle Sanctuary	11.86888	121.28611	Sitio Panagatan, Harigue, Caluya, Antique	Coral reef, sandy beach	1975	600	Antique	70s	1975	si_1978-SP_78-27	109.08719303058179	10.887163333	121.19128	Philippine Islands: Palawan Province, Cocoro Island, West Side, (Cuyo Island)	Palawan	NA	Cuyo Island	rubble, sand, and mostly coral	0 to 21	1978-05-26	1978	3	1.046976958294813	-1.4801602218427838	0.7378178182992613
35	43.25	6.3575034571544835	SP_78-29	si_1978	SP 78-29	Sumilon Island Fish Sanctuary	9.43249	123.38522	Mainit, Sumilon Is., Oslob, Cebu	Coral reef	1974 (1980)	40	Cebu	70s	1974	si_1978-SP_78-29	116.12506483275475	10.286997000000001	124.0003367	Philippine Islands, Mactan Island, Off East Side, (Also Off Buyong Beach).	Cebu	NA	Mactan Island	rubble	0 to 40	1978-06-02	1978	4	-0.19060713843314286	-0.7867639379531018	-0.9476675548925092
63	100.5	20.625047112866437	SP_78-30	si_1978	SP 78-30	Sumilon Island Fish Sanctuary	9.43249	123.38522	Mainit, Sumilon Is., Oslob, Cebu	Coral reef	1974 (1980)	40	Cebu	70s	1974	si_1978-SP_78-30	116.12506483275475	10.286997000000001	124.0003367	Philippine Islands, Mactan Island, Off East Side (Off Buyong Beach - Just slightly Northeast of SP 78-29)	Cebu	NA	Mactan Island	Rubble	0 to 30	1978-06-03	1978	4	-0.19060713843314286	-0.7867639379531018	-0.9476675548925092
20	29.42857142857143	7.248221441940243	SP_78-31	si_1978	SP 78-31	Sumilon Island Fish Sanctuary	9.43249	123.38522	Mainit, Sumilon Is., Oslob, Cebu	Coral reef	1974 (1980)	40	Cebu	70s	1974	si_1978-SP_78-31	20.54590544973377	9.247	123.395333	Philippines: Negros Oriental	Negros Oriental	NA	NA	Coral, eel grass	0 to 2	1978-06-03	1978	4	-1.157783020648553	-0.11327947292818441	0.15318226275686087
31	38	6.641798464430042	SP_78-32	si_1978	SP 78-32	Sumilon Island Fish Sanctuary	9.43249	123.38522	Mainit, Sumilon Is., Oslob, Cebu	Coral reef	1974 (1980)	40	Cebu	70s	1974	si_1978-SP_78-32	16.158162522824373	9.289222	123.356444	Philippines: Mouth of Ocoy River between Sibulan and Looc villages, on Negros Oriental.	Negros_Oriental	NA	Negros	Sand and silt	0 to 0.5	1978-06-04	1978	4	-1.2021830673079077	-0.08236188883483242	0.2037188654238078
40	82	25.998182394253604	SP_78-33	si_1978	SP 78-33	Sumilon Island Fish Sanctuary	9.43249	123.38522	Mainit, Sumilon Is., Oslob, Cebu	Coral reef	1974 (1980)	40	Cebu	70s	1974	si_1978-SP_78-33	47.99517435422606	8.999222000000001	123.360889	Philippine Islands, Apo Island, Southeast Side of Island	Negros_Oriental	NA	Apo Island	NA	0 to 30	1978-06-06	1978	4	-0.8800208909097714	-0.30669670219449585	-0.16296953082636256
37	48.666666666666664	7.996982743438537	SP_78-34	si_1978	SP 78-34	Sumilon Island Fish Sanctuary	9.43249	123.38522	Mainit, Sumilon Is., Oslob, Cebu	Coral reef	1974 (1980)	40	Cebu	70s	1974	si_1978-SP_78-34	48.4742911038912	8.995611	123.350056	Philippine Islands, Apo Island, west side about 1/3 km North of south end	Negros Oriental	NA	Apo Island	NA	0 to 6	1978-06-06	1978	4	-0.875172656545368	-0.310072727783292	-0.16848784245314719
52	75	12.46346512663966	SP_78-36	si_1978	SP 78-36	Sumilon Island Fish Sanctuary	9.43249	123.38522	Mainit, Sumilon Is., Oslob, Cebu	Coral reef	1974 (1980)	40	Cebu	70s	1974	si_1978-SP_78-36	47.99517435422606	8.999222000000001	123.360889	Philippine Islands, Apo Island, Southeast Side of Island - a Little North (200 Ft) of SP 78-33	Negros Oriental	NA	Apo Island	Rocky reef, some coral, sand	0 to 39.5	1978-06-07	1978	4	-0.8800208909097714	-0.30669670219449585	-0.16296953082636256
30	39.1	6.48086459373693	SP_78-37	si_1978	SP 78-37	Sumilon Island Fish Sanctuary	9.43249	123.38522	Mainit, Sumilon Is., Oslob, Cebu	Coral reef	1974 (1980)	40	Cebu	70s	1974	si_1978-SP_78-37	14.90792267924824	9.3053	123.3403	Philippine Islands, Negros Id, Southeast Coast At Ajong	Negros Oriental	NA	NA	NA	0 to 2	1978-06-08	1978	4	-1.2148343799109604	-0.07355225797347031	0.2181187232244326
31	91	43.684055481338994	SP_78-37A	si_1978	SP 78-37A	Sumilon Island Fish Sanctuary	9.43249	123.38522	Mainit, Sumilon Is., Oslob, Cebu	Coral reef	1974 (1980)	40	Cebu	70s	1974	si_1978-SP_78-37A	12.790157659859698	9.3345	123.32338899999999	Philippines: Negros Oriental, Vic Ayuquitan Viejo Village, Estaurine Mouth of Ayuquitan Daku River	Negros Oriental	NA	Negros	sand, mud, sludge	0	1978-06-10	1978	4	-1.2362642738771121	-0.058629738772231765	0.24251045517172398
15	16.2	1.8344252640494012	SP_78-37B	si_1978	SP 78-37B	Sumilon Island Fish Sanctuary	9.43249	123.38522	Mainit, Sumilon Is., Oslob, Cebu	Coral reef	1974 (1980)	40	Cebu	70s	1974	si_1978-SP_78-37B	19.914151409003782	9.252556	123.39172199999999	Philippines: Negros Oriental, Vic Dumaguete Airport & Silliman Univ. Marine Lab, Mojon Creek, Estuarine Slough Near Mouth.	Negros Oriental	NA	NA	Mud with odor H2S	0 to 1	1978-06-13	1978	4	-1.1641758083193214	-0.10882791115577617	0.16045860129160217
134	219.55	30.623916644538088	SP_78-38	si_1978	SP 78-38	Sumilon Island Fish Sanctuary	9.43249	123.38522	Mainit, Sumilon Is., Oslob, Cebu	Coral reef	1974 (1980)	40	Cebu	70s	1974	si_1978-SP_78-38	32.30387537164685	9.5217226	123.665333366666	Philippine Islands, Balicasag Island, West Side At Drop Off.	Bohol	NA	Balicasag Island	NA	0 to 24	1978-06-10	1978	4	-1.038802847505194	-0.19613027569476982	0.01775777139264644
41	65.42857142857143	15.160829394012438	SP_78-39	si_1978	SP 78-39	Sumilon Island Fish Sanctuary	9.43249	123.38522	Mainit, Sumilon Is., Oslob, Cebu	Coral reef	1974 (1980)	40	Cebu	70s	1974	si_1978-SP_78-39	32.30387537164685	9.5217226	123.665333366666	Philippine Islands, Balicasag Island West Side At Drop Off	Bohol	NA	Balicasag Island	NA	0 to 41	1978-06-11	1978	4	-1.038802847505194	-0.19613027569476982	0.01775777139264644
66	107.33333333333334	19.802192574674955	SP_78-41	si_1978	SP 78-41	Sumilon Island Fish Sanctuary	9.43249	123.38522	Mainit, Sumilon Is., Oslob, Cebu	Coral reef	1974 (1980)	40	Cebu	70s	1974	si_1978-SP_78-41	58.56161653864351	9.4900559	123.915333366666	Philippine Islands, Pamilacan Island, Off Southwest Tip of Island	Bohol	NA	Pamilacan Island	NA	0 to 33.5	1978-06-12	1978	4	-0.7730979161989526	-0.38115158030522844	-0.2846703914219719
5	5.5	1.2590580894967764	SP_78-42	si_1978	SP 78-42	Sumilon Island Fish Sanctuary	9.43249	123.38522	Mainit, Sumilon Is., Oslob, Cebu	Coral reef	1974 (1980)	40	Cebu	70s	1974	si_1978-SP_78-42	59.16075416600691	9.501167	123.919500033333	Philippine Islands, Pamilican Is., Just South of Northwest End of Island	Bohol	NA	NA	Coral(?), detritus	0 to 1	1978-06-12	1978	4	-0.7670351775532664	-0.38537331532618757	-0.29157106466588245
67	88	11.890986806933842	SP_78-43	si_1978	SP 78-43	Sumilon Island Fish Sanctuary	9.43249	123.38522	Mainit, Sumilon Is., Oslob, Cebu	Coral reef	1974 (1980)	40	Cebu	70s	1974	si_1978-SP_78-43	58.56161653864351	9.4900559	123.915333366666	Philippine Islands, Pamilikan Island Off SW Tip of Island	Bohol	NA	Pamilacan Island	NA	0 to 24	1978-06-12	1978	4	-0.7730979161989526	-0.38115158030522844	-0.2846703914219719
62	95.33333333333334	18.11250970485256	SP_78-44	si_1978	SP 78-44	Sumilon Island Fish Sanctuary	9.43249	123.38522	Mainit, Sumilon Is., Oslob, Cebu	Coral reef	1974 (1980)	40	Cebu	70s	1974	si_1978-SP_78-44	52.01555166424145	8.988667000000001	123.22866699999999	Philippines: Negros Oriental, Vicinity Port Siyt, NW Side of Entrance To Small Bay	Negros Oriental	NA	Negros	coral, sand	0 to 2	1978-06-14	1978	4	-0.8393382567795564	-0.3350256985919577	-0.20927493523859608
74	119.76923076923077	20.995659913865495	SP_78-45	si_1978	SP 78-45	Sumilon Island Fish Sanctuary	9.43249	123.38522	Mainit, Sumilon Is., Oslob, Cebu	Coral reef	1974 (1980)	40	Cebu	70s	1974	si_1978-SP_78-45	18.883494660512074	9.5381	123.25009999999999	Philippine Is., Negros I., East of Bais	Negros_Oriental	NA	Negros	sand	0 to 37	1978-06-17	1978	4	-1.1746051357628604	-0.1015655402230018	0.17232937208473542
103	138	15.713016354434194	SP_78-46	si_1978	SP 78-46	Sumilon Island Fish Sanctuary	9.43249	123.38522	Mainit, Sumilon Is., Oslob, Cebu	Coral reef	1974 (1980)	40	Cebu	70s	1974	si_1978-SP_78-46	14.90792267924824	9.3053	123.3403	Ajong, Negros Island, Philippine Islands	Negros Oriental	NA	Negros	NA	0 to 2	1978-06-18	1978	4	-1.2148343799109604	-0.07355225797347031	0.2181187232244326
49	99.75	26.454413965694403	SU-19-01	su_2022	NA	North Lipayo Marine Reserve	9.27639	123.32278	Dauin, Negros Oriental	Coral reef	2000(2005)	2.21	Negros	post70s	2000	su_2022-SU-19-01	17.59482950085585	9.2305	123.4761	Tonga Point	Siquijor	NA	NA	NA	80-92 ft	2019-06-12	2019	19	-0.785182739045722	0.7661666787197912	0.01545300290115446
67	88.36842105263158	10.456831279504254	SU-19-02	su_2022	NA	North Lipayo Marine Reserve	9.27639	123.32278	Dauin, Negros Oriental	Coral reef	2000(2005)	2.21	Negros	post70s	2000	su_2022-SU-19-02	24.652221386182596	9.14638888888889	123.505	Barangay Tubod	Siquijor	NA	NA	NA	25-30 ft	2019-06-12	2019	19	-0.7137682249728632	0.7164378065572596	-0.0658317522713442
85	114.75	13.262303873917142	SU-19-03	su_2022	NA	North Lipayo Marine Reserve	9.27639	123.32278	Dauin, Negros Oriental	Coral reef	2000(2005)	2.21	Negros	post70s	2000	su_2022-SU-19-03	23.912244565805654	9.147549	123.497516	Belle's Beach Resort	Siquijor	NA	NA	NA	10-20 ft	2019-06-13	2019	19	-0.7212561306908765	0.7216519442021125	-0.05730893879364553
102	175.5	28.983782935548387	SU-22-04	su_2022	NA	Salag Marine Reserve	9.04197	123.00922	Salag, Siaton, Negros Oriental	Coral reef	2001	10	Negros	post70s	2001	su_2022-SU-22-04	9.870803687276135	8.973667	123.067	NA	Negros Oriental	NA	NA	NA	NA	2022-05-14	2022	21	-0.778945948405874	0.9192995512549337	0.11817736688007037
36	120.33333333333333	54.31456798823976	SU-22-05	su_2022	NA	Apo Island Marine Reserve	9.07304	123.2712	Apo, Dauin, Negros Oriental	Coral reef (frini:iini:i ), seai:irass bed	1982 (1984)	15	Negros	post70s	1982	su_2022-SU-22-05	10.437982580184888	8.988667000000001	123.22866699999999	NA	Negros Oriental	NA	NA	NA	NA	2022-05-17	2022	40	-0.1367592914278407	1.9378977680982876	0.04520048562308959
58	73.4	8.678260100107776	SU-22-06	su_2022	NA	Salag Marine Reserve	9.04197	123.00922	Salag, Siaton, Negros Oriental	Coral reef	2001	10	Negros	post70s	2001	su_2022-SU-22-06	1.3561686783674256	9.030333	123.005333	NA	Negros Oriental	NA	NA	NA	NA	2022-05-19	2022	21	-0.8651064637278619	0.9792966723938334	0.2162461766228479
76	123.57142857142857	21.189313513179936	SU-22-07	su_2022	NA	Antulang (Dive Hub) Marine Reserve	9.05811	123.13571	Antulang, Si-it, Siaton, Negros Oriental	Coral reef	2007	0.33	Negros	post70s	2007	su_2022-SU-22-07	13.262182641527518	8.962800000000001	123.2089	NA	Negros Oriental	NA	NA	NA	NA	2022-05-23	2022	15	-0.9649964090182381	0.5824306561376215	0.07697912982342774
83	124.625	18.318989062385928	SU-22-08	su_2022	NA	Apo Island Marine Reserve	9.07304	123.2712	Apo, Dauin, Negros Oriental	Coral reef (frini:iini:i ), seai:irass bed	1982 (1984)	15	Negros	post70s	1982	su_2022-SU-22-08	9.386454636538502	8.988667000000001	123.262	NA	Negros Oriental	NA	NA	NA	NA	2022-05-25	2022	40	-0.1473998167592553	1.9453072048327904	0.05731164408575734
93	132.375	17.53122119618322	SU-22-09	su_2022	NA	Panagatan Island Marine Turtle Sanctuary	11.86888	121.28611	Sitio Panagatan, Harigue, Caluya, Antique	Coral reef, sandy beach	1975	600	Antique	70s	1975	su_2022-SU-22-09	108.61111742468177	10.919393333	121.03267000000001	NA	Palawan	NA	NA	NA	NA	2022-06-02	2022	47	2.4882962317165527	0.9055515513588379	0.5563437418566617
3	3.5	1.235631706571871	SU-22-10	su_2022	NA	Panagatan Island Marine Turtle Sanctuary	11.86888	121.28611	Sitio Panagatan, Harigue, Caluya, Antique	Coral reef, sandy beach	1975	600	Antique	70s	1975	su_2022-SU-22-10	109.2146256921404	10.909666333	121.04905600000001	NA	Palawan	NA	NA	NA	NA	2022-06-03	2022	47	2.4944031973434893	0.901299019266369	0.5493927289949629
106	135.5263157894737	13.365932974474816	SU-22-11	su_2022	NA	Panagatan Island Marine Turtle Sanctuary	11.86888	121.28611	Sitio Panagatan, Harigue, Caluya, Antique	Coral reef, sandy beach	1975	600	Antique	70s	1975	su_2022-SU-22-11	99.482127919256655	10.973003333	121.20628	NA	Palawan	NA	NA	NA	NA	2022-06-04	2022	47	2.3959189965991947	0.9698776309452997	0.6614884878163703
57	105.33333333333334	24.513364639055876	SU-22-12	su_2022	NA	Panagatan Island Marine Turtle Sanctuary	11.86888	121.28611	Sitio Panagatan, Harigue, Caluya, Antique	Coral reef, sandy beach	1975	600	Antique	70s	1975	su_2022-SU-22-12	109.08719303058179	10.887163333	121.19128	NA	Palawan	NA	NA	NA	NA	2022-06-05	2022	47	2.493113692417294	0.9021969547415345	0.5508604571393088
72	108.25	17.825918170833262	SU-22-13	su_2022	NA	Panagatan Island Marine Turtle Sanctuary	11.86888	121.28611	Sitio Panagatan, Harigue, Caluya, Antique	Coral reef, sandy beach	1975	600	Antique	70s	1975	su_2022-SU-22-13	115.61806894386591	10.879663333	120.94406000000001	NA	Palawan	NA	NA	NA	NA	2022-06-06	2022	47	2.559200334252648	0.8561780998050093	0.4756399424932399
68	83.78947368421052	8.352390036423348	SU-22-14	su_2022	NA	Panagatan Island Marine Turtle Sanctuary	11.86888	121.28611	Sitio Panagatan, Harigue, Caluya, Antique	Coral reef, sandy beach	1975	600	Antique	70s	1975	su_2022-SU-22-14	116.40340804779734	10.876333333	120.93183	NA	Palawan	NA	NA	NA	NA	2022-06-07	2022	47	2.5671472658388454	0.8506443235122626	0.46659466091787777
113	150.43478260869566	15.244992763791608	SU-22-15	su_2022	NA	Panagatan Island Marine Turtle Sanctuary	11.86888	121.28611	Sitio Panagatan, Harigue, Caluya, Antique	Coral reef, sandy beach	1975	600	Antique	70s	1975	su_2022-SU-22-15	109.29490001573562	10.883003333	121.35239000000001	NA	Palawan	NA	NA	NA	NA	2022-06-08	2022	47	2.4952155019321003	0.9007333780718791	0.548468155321558
112	151	16.34670815637414	SU-22-16	su_2022	NA	Panagatan Island Marine Turtle Sanctuary	11.86888	121.28611	Sitio Panagatan, Harigue, Caluya, Antique	Coral reef, sandy beach	1975	600	Antique	70s	1975	su_2022-SU-22-16	100.25142662170778	10.964663332999999	121.22406000000001	NA	Palawan	NA	NA	NA	NA	2022-06-09	2022	47	2.403703613622752	0.9644568809783702	0.6526279543927873
16	27.25	9.527910096879598	SU-22-17	su_2022	NA	Panagatan Island Marine Turtle Sanctuary	11.86888	121.28611	Sitio Panagatan, Harigue, Caluya, Antique	Coral reef, sandy beach	1975	600	Antique	70s	1975	su_2022-SU-22-17	120.35479312152012	10.816333333	121.00683000000001	NA	Palawan	NA	NA	NA	NA	2022-06-10	2022	47	2.607131760045744	0.8228014707432898	0.4210838867496453
74	93.71428571428572	10.6329669332543	SU-22-18	su_2022	NA	Panagatan Island Marine Turtle Sanctuary	11.86888	121.28611	Sitio Panagatan, Harigue, Caluya, Antique	Coral reef, sandy beach	1975	600	Antique	70s	1975	su_2022-SU-22-18	116.38569202304257	10.854663333	121.00239	NA	Palawan	NA	NA	NA	NA	2022-06-11	2022	47	2.566967995462519	0.8507691568706156	0.46679870835611287
44	57.90909090909091	8.682206160826636	SU-22-19	su_2022	NA	Antulang (Dive Hub) Marine Reserve	9.05811	123.13571	Antulang, Si-it, Siaton, Negros Oriental	Coral reef	2007	0.33	Negros	post70s	2007	su_2022-SU-22-19	12.826981796108901	8.9678	123.2089	NA	Negros Oriental	NA	NA	NA	NA	2022-06-21	2022	15	-0.9694002535835777	0.585497234777224	0.08199163228120769
46	127.2	45.55744035498608	SU-22-20	su_2022	NA	Antulang (Dive Hub) Marine Reserve	9.05811	123.13571	Antulang, Si-it, Siaton, Negros Oriental	Coral reef	2007	0.33	Negros	post70s	2007	su_2022-SU-22-20	12.826981796108901	8.9678	123.2089	NA	Negros Oriental	NA	NA	NA	NA	2022-06-22	2022	15	-0.9694002535835777	0.585497234777224	0.08199163228120769
10	17	7.073147231940382	SU-22-21	su_2022	NA	Apo Island Marine Reserve	9.07304	123.2712	Apo, Dauin, Negros Oriental	Coral reef (frini:iini:i ), seai:irass bed	1982 (1984)	15	Negros	post70s	1982	su_2022-SU-22-21	28.582003634511015	9.0998	123.5298	NA	Siquijor	NA	NA	NA	NA	2022-06-29	2022	40	0.046842025882658955	1.8100485968767166	-0.1637764754426453
41	55.25	8.65152050861497	SU-22-22	su_2022	NA	North Lipayo Marine Reserve	9.27639	123.32278	Dauin, Negros Oriental	Coral reef	2000(2005)	2.21	Negros	post70s	2000	su_2022-SU-22-22	28.971094138750427	9.147	123.55199999999999	NA	Siquijor	NA	NA	NA	NA	2022-06-30	2022	22	-0.571464851206714	0.8484389498588638	-0.12832222337068974
53	87.5	19.271513372814585	SU-22-23	su_2022	NA	North Lipayo Marine Reserve	9.27639	123.32278	Dauin, Negros Oriental	Coral reef	2000(2005)	2.21	Negros	post70s	2000	su_2022-SU-22-23	37.86597005825668	9.1753	123.65199999999999	NA	Siquijor	NA	NA	NA	NA	2022-07-01	2022	22	-0.4814566368618897	0.7857625171638942	-0.23077052483317048
53	89.14285714285714	20.81361591498608	SU-22-24	su_2022	NA	Apo Island Marine Reserve	9.07304	123.2712	Apo, Dauin, Negros Oriental	Coral reef (frini:iini:i ), seai:irass bed	1982 (1984)	15	Negros	post70s	1982	su_2022-SU-22-24	30.24871345351897	9.097000000000001	123.5453	NA	Siquijor	NA	NA	NA	NA	2022-07-02	2022	40	0.06370764334573187	1.7983043716915164	-0.1829730996039503
