SI_78-79_15-50m	*SampleSet*	1	1	1																			
465	23																						
	SP_78-10	SP_78-16	SP_78-21	SP_78-27	SP_78-29	SP_78-30	SP_78-33	SP_78-36	SP_78-38	SP_78-39	SP_78-41	SP_78-43	SP_78-45	JL-2	JL-3	JL-4	JL-6	JL-7	LK_79-13	LK_79-16	LK_79-6	LK_79-8	LK_79-9
Trimma halonevum Winterbottom	10	0	0	0	4	2	0	8	0	11	1	0	47	0	0	0	3	0	0	14	0	0	0
Trimma stobbsi Winterbottom	2	5	0	9	6	50	17	3	186	57	40	61	19	20	50	28	5	65	26	11	0	3	6
Amblyglyphidodon curacao	1	0	0	10	0	0	0	0	1	0	0	0	1	0	3	0	0	1	0	0	0	0	0
Amblyglyphidodon leucogaster	1	2	0	24	0	1	0	1	0	0	0	7	0	0	0	0	0	0	0	0	0	0	0
Archamia dispilus Lachner	1	0	0	0	0	0	0	0	0	0	0	0	0	0	0	0	0	0	0	0	0	0	0
Choeroichthys cinctus Dawson	1	0	0	0	0	1	0	0	0	0	0	0	0	0	0	0	0	0	0	0	0	0	0
Chromis	4	0	0	0	0	34	0	1	1	0	0	0	0	0	49	0	0	0	102	0	0	17	0
Cirrhitichthys falco	1	5	0	0	0	0	0	0	2	0	0	0	0	0	0	0	0	0	0	0	1	0	0
Doryrhamphus janssi	1	0	0	0	0	0	0	0	0	0	0	0	0	0	0	0	0	0	0	0	0	0	0
Dunckerocampus dactyliophorus	1	4	0	1	0	0	0	1	0	0	0	0	0	0	0	0	0	0	0	0	0	0	0
Eviota	1	7	25	0	0	3	2	1	0	0	2	10	1	0	0	0	0	0	9	0	0	0	1
Grammistops ocellatus	1	0	0	0	0	1	0	0	1	0	0	0	0	0	0	0	0	0	0	0	0	0	0
Liopropoma collettei Randall & Taylor	1	0	0	0	0	0	0	0	2	0	1	1	0	0	0	0	0	0	0	0	0	0	0
Myripristis	1	0	1	2	0	0	0	0	2	0	0	0	0	0	0	0	0	3	0	2	0	0	0
Paraluteres prionurus	1	0	0	0	0	0	0	0	0	0	0	0	0	0	0	0	0	0	0	0	0	0	0
Parapercis	1	0	0	0	0	0	0	2	0	0	0	0	0	0	0	0	0	0	0	0	0	0	0
Parapercis cephalopunctata	1	3	1	0	0	0	0	3	0	0	0	0	0	0	0	0	0	0	0	0	0	0	0
Parioglossus rainfordi	1	0	0	0	0	0	0	0	0	0	0	0	0	0	0	0	0	0	0	0	0	0	0
Plagiotremus rhinorhynchos	1	1	0	0	0	1	0	0	1	0	0	0	0	1	2	0	0	0	0	0	0	3	1
Saurida gracilis	1	0	0	0	0	0	0	0	1	1	0	1	1	0	0	0	1	1	1	5	5	0	0
Scorpaenodes	1	1	2	0	2	1	1	0	0	1	1	0	2	2	0	0	0	3	2	0	0	2	3
Scorpaenopsis venosa	1	0	0	0	0	0	0	0	0	0	0	0	0	0	0	0	0	0	0	0	0	0	0
Trimma cheni	1	0	0	0	0	0	0	0	0	0	0	0	0	0	0	0	0	0	0	0	0	0	0
Abudefduf	2	0	0	0	0	0	0	0	0	0	0	0	0	0	0	0	0	0	0	0	0	0	0
Acreichthys radiatus	2	0	0	1	0	0	0	0	3	0	0	0	0	0	0	0	0	0	0	0	0	0	0
Amphiprion ocellaris	2	0	0	0	0	0	1	0	0	0	0	0	0	0	0	0	0	0	0	0	1	0	0
Anthiinae	2	0	0	0	1	0	0	0	0	0	22	0	0	0	0	0	0	0	0	0	0	0	0
Bodianus dictynna Gomon	2	0	0	1	0	0	0	0	0	0	1	0	0	0	0	0	0	0	0	0	0	0	0
Cephalopholis leopardus	2	0	0	1	0	0	0	0	0	0	0	0	0	0	0	0	0	0	0	0	0	0	0
Chrysiptera rollandi	2	8	50	24	0	3	0	0	1	0	0	0	1	0	0	0	0	4	0	0	0	0	0
Cirrhilabrus cyanopleura	2	17	0	0	0	0	0	0	0	0	0	0	0	0	0	0	0	0	0	0	0	0	3
Ecsenius pictus McKinney & Springer	2	0	0	0	1	2	0	0	5	0	0	0	0	0	3	2	0	6	4	1	0	1	0
Halichoeres biocellatus Schultz	2	0	0	0	0	0	0	2	0	0	0	0	0	0	0	0	0	0	0	0	0	0	0
Labroides dimidiatus	2	1	1	3	2	1	1	1	1	0	1	4	0	0	2	0	0	3	5	0	1	1	3
Scorpaenopsis brevifrons Eschmeyer & Randall	2	0	0	0	0	0	0	1	0	0	0	0	0	0	0	0	0	0	0	0	0	1	0
Serranidae	2	31	0	0	16	153	0	8	11	2	4	48	2	7	42	65	3	9	4	3	52	19	2
Synchiropus bartelsi Fricke	2	0	2	0	0	0	0	0	0	0	0	0	0	0	0	0	0	0	0	0	0	0	0
Synodus variegatus	2	2	1	6	0	0	2	2	3	1	1	1	3	1	1	0	0	4	0	1	2	2	1
Trimma benjamini Winterbottom	2	18	0	0	4	12	1	5	11	6	5	4	0	6	0	7	11	22	0	0	0	9	3
Dascyllus reticulatus	3	3	0	0	0	0	0	0	18	0	0	0	0	4	0	0	0	10	0	15	12	6	30
Dascyllus trimaculatus	3	2	2	0	0	0	0	6	1	0	0	0	2	0	0	0	0	1	0	0	8	4	2
Samariscus	4	0	0	0	0	0	0	0	1	1	0	0	1	0	0	0	0	0	0	0	0	0	0
Gnatholepis cauerensis	5	11	0	1	0	0	1	19	13	3	5	2	5	0	0	0	0	0	0	0	0	0	0
Cirrhilabrus	6	0	120	2	0	0	0	0	1	0	0	0	1	0	0	0	0	0	0	0	0	0	0
Trimma okinawae	6	0	0	2	0	0	0	0	0	0	0	0	0	0	0	0	0	0	0	0	0	0	0
Pristiapogon kallopterus	8	0	0	2	0	10	0	0	8	0	0	0	0	2	0	0	0	0	0	0	6	0	0
Meiacanthus ditrema	9	0	0	0	0	0	0	0	0	0	0	0	0	0	0	0	0	0	0	0	0	0	0
Pseudocheilinus evanidus	10	7	0	5	7	18	10	0	6	8	10	0	0	0	0	0	15	0	0	0	0	0	0
Trimma macrophthalmus	11	1	0	1	0	0	0	1	1	0	0	2	0	7	0	1	0	1	0	0	0	9	3
Chromis ternatensis	14	0	8	0	0	0	0	0	100	0	0	6	0	0	0	0	0	0	500	0	4	6	22
Ostorhinchus aroubiensis	16	0	0	0	0	10	3	0	19	0	0	0	0	0	0	0	0	15	0	0	0	0	0
Chromis agilis	35	3	0	0	0	0	63	0	0	0	0	0	0	0	0	0	0	0	0	0	0	0	0
Ostorhinchus cyanosoma	35	14	8	8	0	0	0	0	31	0	0	1	0	0	0	0	0	0	0	0	0	0	3
Pristiapogon fraenatus	80	0	0	0	0	0	8	7	0	0	0	0	0	6	0	0	0	0	0	0	0	0	0
Ostorhinchus fleurieu	146	0	0	0	0	21	0	0	0	0	2	2	1	0	0	0	0	0	0	30	0	75	120
Amphiprion	0	1	1	0	1	0	0	0	3	0	0	0	0	0	0	0	0	0	0	0	0	0	0
Anyperodon leucogrammicus	0	1	0	0	0	0	0	0	0	0	0	0	0	0	0	0	0	0	0	0	1	0	0
Aspidontus taeniatus	0	1	0	0	0	0	0	0	0	0	0	0	1	0	0	0	0	0	0	0	0	0	0
Aulostomus chinensis	0	1	0	0	1	1	0	0	0	0	0	0	0	0	0	0	0	0	0	0	4	0	0
Callogobius clitellus McKinney & Lachner	0	1	0	0	0	0	0	0	0	0	0	0	0	0	0	0	0	0	0	0	0	0	0
Cantherhines pardalis	0	1	0	0	0	0	0	0	0	0	0	0	0	0	0	0	0	0	0	0	0	0	0
Canthigaster valentini	0	1	0	0	0	5	5	1	9	1	11	13	1	0	0	0	0	0	6	0	0	0	0
Centropyge vrolikii	0	1	0	0	0	0	0	0	8	0	0	0	0	0	0	0	0	0	0	0	0	0	0
Chaetodon triangulum	0	1	0	0	0	0	0	0	1	0	0	0	0	0	0	0	0	0	0	0	0	0	0
Coris variegata	0	1	21	5	0	0	0	0	0	0	0	0	0	0	0	0	0	0	0	0	0	0	0
Corythoichthys schultzi	0	1	0	0	0	0	0	0	0	0	0	0	0	1	0	0	0	0	0	0	0	0	0
Diademichthys lineatus	0	1	0	0	0	0	0	0	0	0	0	0	0	0	0	0	0	0	0	0	0	0	0
Fowleria	0	1	0	0	0	0	0	0	1	0	0	1	0	0	0	0	0	5	0	0	0	0	0
Halichoeres melanurus	0	1	1	0	0	0	0	0	0	0	0	0	0	0	0	0	0	0	0	0	0	0	0
Labridae	0	1	6	0	0	0	0	0	1	0	0	0	1	0	0	0	0	0	0	0	0	0	1
Minyichthys myersi	0	1	0	0	0	0	0	0	0	0	0	0	0	0	0	0	0	0	0	0	0	0	0
Myripristis hexagona	0	1	0	0	1	0	0	0	2	0	0	0	9	0	0	0	0	0	0	0	0	0	0
Paragobiodon xanthosomus	0	1	0	1	0	0	0	0	0	0	0	0	0	0	0	0	0	1	0	0	0	0	0
Parapercis cylindrica	0	1	0	0	0	0	0	0	0	0	0	0	0	0	0	0	0	0	0	0	0	0	0
Platycephalidae	0	1	0	1	0	0	0	0	0	0	1	0	0	0	0	0	0	0	0	0	0	0	0
Pomacentrus burroughi	0	1	0	0	0	0	0	0	0	0	0	0	0	0	0	0	0	0	0	0	0	0	0
Rhabdamia	0	1	0	0	0	0	0	0	0	1	0	0	2	0	0	0	0	0	0	0	0	0	0
Rudarius minutus Tyler	0	5	0	0	0	0	0	0	1	0	0	0	0	0	0	0	0	0	0	0	0	0	0
Scaridae	0	1	4	0	0	0	0	0	0	0	0	1	0	0	0	0	0	0	0	0	0	0	0
Scolopsis bilineata	0	1	1	0	0	0	0	0	0	0	0	0	0	0	0	0	0	0	0	0	0	0	0
Sufflamen chrysopterum	0	1	0	0	0	0	0	0	0	0	0	0	0	0	0	0	0	0	0	0	0	0	0
Synodus	0	1	0	0	0	0	0	0	0	1	0	0	0	0	0	1	0	0	0	0	0	0	0
Trimma agrena	0	1	0	0	0	0	0	0	0	0	0	0	0	0	0	0	0	0	0	0	0	0	0
Amblygobius hectori	0	11	3	0	0	0	0	0	2	0	0	0	0	0	0	0	0	0	0	0	0	0	0
Cephalopholis cyanostigma	0	2	4	0	0	0	0	0	0	0	0	0	0	0	0	0	0	0	0	0	0	0	0
Chromis analis	0	2	0	0	0	0	0	0	0	0	3	0	83	3	2	15	2	10	2	1	0	0	0
Chromis weberi Fowler & Bean	0	2	4	0	0	0	0	0	0	0	0	0	0	3	0	0	0	0	0	0	0	0	0
Cirripectes filamentosus	0	2	0	0	0	0	0	0	0	0	0	0	0	0	0	0	0	0	0	0	0	0	0
Eviota sebreei	0	2	0	0	0	0	0	0	1	0	0	0	0	0	0	0	0	0	0	0	0	0	0
Fowleria flammea	0	2	0	0	0	0	0	0	1	0	0	0	0	0	0	0	0	0	0	0	0	0	0
Gobiodon	0	2	5	0	0	0	0	0	1	0	0	0	0	0	0	0	0	0	0	0	0	0	0
Ostorhinchus compressus	0	2	0	0	0	0	0	0	12	0	0	0	0	0	0	0	0	0	0	0	0	0	0
Oxycheilinus bimaculatus	0	2	4	9	0	0	0	9	0	0	0	0	0	0	0	0	0	0	0	0	0	0	0
Pseudocheilinus hexataenia	0	2	4	0	0	1	0	0	8	0	0	0	0	0	0	0	0	0	0	0	0	0	0
Pseudochromis fuscus	0	2	22	10	0	0	0	0	0	0	0	0	0	0	0	0	0	0	0	0	0	0	0
Amblygobius	0	8	0	0	0	0	0	0	0	0	0	0	0	0	0	0	0	0	0	0	0	0	0
Amphiprion sandaracinos	0	3	0	0	0	0	0	0	0	0	0	0	0	0	0	0	0	0	0	0	0	0	0
Ctenochaetus strigosus	0	3	0	0	0	0	0	0	1	0	0	0	0	0	0	0	0	0	0	0	0	0	0
Labrichthys unilineatus	0	3	0	1	0	0	0	0	3	0	0	0	0	0	0	0	0	0	0	0	0	0	0
Oxycheilinus celebicus	0	3	0	1	0	0	0	0	0	0	1	0	0	0	0	0	0	0	0	0	0	0	0
Thalassoma lunare	0	3	0	0	0	0	0	0	0	0	0	0	0	0	0	0	0	0	0	0	0	0	0
Cheilinus	0	4	0	0	0	0	0	1	1	1	0	0	0	0	0	0	0	0	0	0	0	0	0
Cheilodipterus truncatus	0	4	0	0	0	0	0	0	0	0	0	0	7	0	0	0	0	0	3	0	0	0	0
Trimma striata	0	6	0	0	0	0	0	0	2	0	0	0	0	0	0	0	0	0	0	0	0	0	0
Cephalopholis boenak	0	8	3	0	1	0	0	0	0	0	0	0	0	0	0	0	0	0	0	0	0	0	0
Fusigobius signipinnis Hoese & Obika	0	9	0	0	0	0	0	0	0	0	0	0	0	0	0	0	0	0	0	0	0	0	0
Ostorhinchus nigrofasciatus	0	9	1	10	1	0	0	3	0	1	9	0	1	5	16	6	4	0	25	17	28	24	15
Chrysiptera talboti	0	12	0	0	0	2	0	0	0	0	0	10	3	0	0	0	0	17	0	0	0	0	0
Pomacentrus brachialis	0	12	0	2	0	0	0	0	0	0	1	0	0	0	0	0	0	0	0	0	1	0	0
Eviota pellucida Larson	0	17	4	6	2	32	2	3	20	8	2	9	0	1	13	0	0	36	12	1	0	1	1
Chrysiptera springeri	0	18	0	0	0	0	0	0	4	0	0	0	12	0	0	0	0	0	0	0	0	0	0
Cheilodipterus	0	89	4	0	0	5	1	1	4	0	0	0	21	0	0	0	0	0	0	0	0	0	0
Amblyeleotris guttata	0	0	1	0	0	0	0	0	2	0	2	0	0	0	0	0	0	1	0	0	0	1	0
Amblyeleotris steinitzi	0	0	6	0	0	0	0	0	0	0	0	0	0	0	0	0	0	0	0	0	0	0	0
Amblyeleotris wheeleri	0	0	1	0	0	0	0	0	0	0	0	0	0	0	0	0	0	0	0	0	0	0	0
Amblyglyphidodon aureus	0	0	1	0	1	0	0	0	0	3	0	10	0	0	0	0	0	0	0	0	0	0	0
Amblygobius phalaena	0	0	1	0	0	0	0	0	0	0	0	0	0	0	0	0	0	0	0	0	0	0	0
Amphiprion perideraion	0	0	1	0	0	0	0	0	0	0	0	0	0	0	0	0	0	0	0	0	3	0	0
Apogon erythrinus	0	0	1	0	0	0	0	1	4	0	0	0	0	0	0	0	0	1	0	0	0	0	0
Bryaninops loki Larson	0	0	1	0	0	0	0	0	0	0	0	0	0	0	0	0	0	0	1	0	0	0	0
Cabillus	0	0	2	0	0	0	0	0	0	0	0	0	0	0	0	0	0	0	0	0	0	0	0
Callogobius	0	0	4	0	0	2	0	0	0	0	0	0	0	0	0	0	0	1	0	0	0	0	0
Callogobius sclateri	0	0	2	0	0	0	0	0	0	0	0	0	0	0	0	0	0	0	0	0	0	0	0
Chaetodontoplus mesoleucus	0	0	1	0	0	0	0	0	0	0	0	0	1	0	0	0	0	0	0	0	0	0	0
Coryphopterus	0	0	1	0	0	1	0	0	0	0	0	0	0	0	0	0	0	0	0	0	0	0	0
Dascyllus aruanus	0	0	1	1	0	0	0	0	4	0	0	0	0	0	0	0	0	0	0	0	0	0	0
Diodon holocanthus	0	0	1	0	0	0	0	0	0	0	0	0	0	0	0	0	0	0	0	0	0	0	0
Diplogrammus	0	0	1	0	0	0	0	0	0	0	0	0	0	0	0	0	0	0	0	0	0	0	0
Diproctacanthus xanthurus	0	0	5	4	0	0	0	0	0	0	0	0	0	0	0	0	0	0	0	0	1	0	0
Ecsenius namiyei	0	0	1	0	0	1	0	0	0	0	0	0	0	1	0	0	0	1	0	0	0	0	0
Epinephelus fasciatus	0	0	1	0	0	0	0	0	0	0	0	0	0	0	0	0	0	0	0	0	6	0	0
Eviota spilota Lachner & Karnella	0	0	1	0	0	0	0	0	0	0	0	0	0	0	0	0	0	0	0	0	0	0	0
Fusigobius	0	0	21	2	0	0	0	0	5	2	2	3	0	3	0	0	1	4	1	0	0	0	0
Gobiidae	0	0	4	0	0	1	0	0	8	0	0	0	1	0	1	0	0	3	2	9	0	0	0
Halichoeres margaritaceus	0	0	1	0	0	0	0	0	0	0	0	0	0	0	0	0	0	0	0	0	0	0	0
Halichoeres prosopeion	0	0	1	6	0	0	0	0	0	0	0	0	1	0	1	0	0	1	0	0	0	0	0
Hetereleotris	0	0	5	0	0	0	0	0	0	0	0	0	0	0	0	0	0	0	0	0	1	0	0
Hypoatherina barnesi	0	0	1	0	0	0	0	0	0	0	0	0	0	0	0	0	0	0	0	0	0	0	0
Neoglyphidodon melas	0	0	3	0	0	0	0	0	0	0	0	0	0	0	0	0	0	0	0	0	0	0	0
Neoglyphidodon nigroris	0	0	1	0	0	0	0	0	0	0	0	0	0	0	0	0	0	0	0	0	0	0	0
Plectroglyphidodon lacrymatus	0	0	5	0	0	0	0	0	0	0	0	0	0	0	0	0	0	0	0	0	0	0	0
Pleurosicya muscarum	0	0	1	0	0	0	0	0	0	0	0	0	0	0	0	0	0	0	0	0	0	0	0
Pomacanthus sexstriatus	0	0	1	0	0	0	0	0	0	0	0	0	0	0	0	0	0	0	0	0	0	0	0
Priolepis nuchifasciata	0	0	1	0	0	0	0	0	0	0	0	0	0	0	0	0	0	0	0	0	0	0	0
Priolepis semidoliata	0	0	1	0	0	0	0	0	1	0	0	0	0	0	0	0	0	0	0	0	0	0	0
Pseudamia	0	0	1	0	0	0	0	0	9	0	0	0	0	0	0	0	0	0	0	0	0	0	0
Pseudochromis marshallensis	0	0	1	0	0	0	0	0	0	0	0	0	0	0	0	0	0	0	0	0	0	0	0
Pseudoplesiops knighti Allen	0	0	1	1	0	0	0	0	0	0	0	0	0	0	0	0	0	1	11	0	0	0	0
Pteragogus	0	0	1	0	0	0	0	0	0	0	0	2	1	0	0	0	0	0	0	0	0	0	0
Sargocentron diadema	0	0	1	4	0	0	0	4	0	0	0	0	0	0	0	0	0	0	0	0	0	0	0
Synodus binotatus Schultz	0	0	3	0	0	0	0	0	0	0	0	0	0	0	0	0	0	0	0	0	0	0	0
Tenacigobius erythrops	0	0	1	0	0	0	0	0	0	0	0	0	0	0	0	0	0	0	0	0	0	0	0
Trimma naudei	0	0	3	0	0	0	0	0	0	0	0	0	0	0	0	0	0	0	0	0	0	0	0
Ucla xenogrammus Holleman	0	0	5	2	0	0	0	0	1	0	0	0	0	0	0	0	0	0	0	0	0	0	0
Xenisthmus	0	0	3	0	0	0	0	0	0	0	0	0	0	0	0	0	0	0	0	0	0	1	0
Asterropteryx	0	0	2	0	1	5	2	0	6	3	0	11	0	0	6	0	0	6	1	5	0	0	0
Asterropteryx ensifera	0	0	6	0	0	0	0	0	0	0	2	0	0	0	0	0	0	0	0	0	6	0	0
Cosmocampus banneri	0	0	2	0	0	0	0	0	0	0	0	0	0	0	0	0	0	0	0	0	0	0	0
Ecsenius lineatus	0	0	2	0	0	0	0	0	0	0	0	0	0	0	0	0	0	0	0	0	0	0	0
Eviota prasites	0	0	2	0	0	0	0	0	0	0	0	0	0	0	0	0	0	0	0	0	0	0	0
Eviota queenslandica	0	0	2	0	0	0	0	0	0	0	0	0	0	0	0	0	0	0	0	0	0	0	0
Labracinus cyclophthalmus	0	0	2	0	0	0	0	0	0	0	0	0	0	0	0	0	0	0	0	0	0	0	0
Meiacanthus geminatus	0	0	2	0	0	0	0	0	0	0	0	0	0	0	0	0	0	0	0	0	0	0	0
Parascorpaena	0	0	2	0	0	0	0	1	0	0	0	0	0	0	0	0	0	0	0	0	0	0	0
Pseudochromis bitaeniatus	0	0	2	0	0	0	0	0	0	0	0	0	0	0	0	0	0	0	0	0	0	0	0
Scolopsis margaritifera	0	0	5	0	0	0	0	0	0	0	0	0	0	0	0	0	0	0	0	0	0	0	0
Trimma	0	0	2	2	0	0	0	0	1	0	1	5	0	1	0	2	0	0	0	0	0	0	0
Ecsenius kurti Springer	0	0	3	0	0	0	0	0	0	0	0	0	0	0	0	0	0	0	0	0	0	0	0
Fowleria vaiulae	0	0	3	0	0	0	0	2	2	0	3	0	0	0	0	0	0	0	4	0	4	3	0
Halichoeres melanochir	0	0	3	0	0	0	0	0	0	0	0	0	0	0	0	0	0	0	0	0	0	0	0
Halophryne hutchinsi Greenfield	0	0	3	0	0	0	0	0	0	0	0	0	0	0	0	0	0	0	0	0	0	0	0
Lubbockichthys	0	0	3	0	0	0	0	0	0	0	1	0	0	0	0	0	0	0	0	0	0	0	0
Amphiprion clarkii	0	0	4	1	0	0	0	1	0	0	0	0	0	0	0	0	0	0	1	0	0	0	5
Chaetodon kleinii	0	0	4	2	0	0	0	2	0	2	2	0	0	0	0	0	0	0	0	0	0	0	0
Onigocia pedimacula	0	0	4	0	0	0	0	0	0	0	0	0	1	0	0	0	0	0	0	6	0	0	0
Siphamia jebbi Allen	0	0	4	0	0	0	0	0	0	0	0	0	0	0	0	0	0	0	0	4	0	0	0
Eviota melasma Lachner & Karnella	0	0	5	2	0	0	1	0	0	0	2	0	0	1	1	0	0	5	1	1	0	1	0
Pleurosicya mossambica	0	0	5	0	0	0	0	2	2	0	0	0	1	0	2	0	0	0	1	2	0	0	0
Pseudochromis tapeinosoma	0	0	11	0	0	0	0	0	0	0	0	0	0	0	0	0	0	0	0	0	0	0	0
Chrysiptera hemicyanea	0	0	6	0	0	0	0	0	0	0	0	0	0	0	0	0	0	0	0	0	0	0	0
Chrysiptera rex	0	0	6	0	0	0	0	0	0	0	0	0	0	0	0	0	0	0	0	0	0	0	0
Parapercis lineopunctata Randall	0	0	6	0	0	0	0	0	0	0	0	0	0	0	0	0	0	0	0	0	0	0	0
Pteragogus cryptus Randall	0	0	6	2	0	0	1	1	0	0	0	0	0	0	0	0	0	0	0	0	0	0	0
Cheilinus oxycephalus	0	0	20	0	0	0	0	0	1	0	1	0	0	0	0	0	0	0	0	0	0	0	0
Fowleria isostigma	0	0	8	0	0	0	0	0	4	0	0	0	0	0	0	0	0	0	8	0	1	0	0
Paracheilinus	0	0	9	23	0	0	0	0	0	0	12	0	0	0	0	0	0	0	0	0	0	0	0
Apogonichthyoides uninotatus	0	0	10	0	0	0	1	0	0	0	0	0	0	0	0	0	0	0	0	0	0	0	0
Gobiopsis	0	0	12	0	0	0	0	0	0	0	0	0	0	0	0	0	0	0	0	0	0	0	0
Ostorhinchus multilineatus	0	0	16	0	0	0	0	0	0	0	0	0	0	0	0	0	0	0	0	0	0	0	0
Altrichthys curatus Allen	0	0	20	0	0	0	0	0	0	0	0	0	0	0	0	0	0	0	0	0	0	0	0
Pomacentrus armillatus	0	0	29	0	0	0	0	0	0	0	0	0	0	0	0	0	0	0	0	0	0	0	0
Pseudoplesiops rosae Schultz	0	0	33	0	0	0	1	0	0	0	0	0	0	0	0	0	0	0	1	0	0	0	0
Pomacentrus moluccensis	0	0	50	0	0	0	0	0	40	0	0	0	0	0	0	0	0	0	0	0	1	0	0
Apogon unicolor	0	0	0	1	0	0	0	0	1	0	1	0	0	0	0	0	0	0	0	0	0	0	0
Apogon uninotatus	0	0	0	1	0	0	0	0	0	0	0	0	0	0	0	0	0	0	0	0	0	0	0
Bodianus mesothorax	0	0	0	1	0	1	0	0	0	0	0	0	0	0	0	0	0	0	0	0	0	0	0
Calumia profunda	0	0	0	1	0	0	0	0	1	0	0	0	0	0	0	0	0	7	10	0	0	1	0
Canthigaster papua	0	0	0	1	0	0	0	0	0	0	0	0	0	0	0	0	0	0	0	0	0	0	0
Centropyge bicolor	0	0	0	1	0	0	0	2	0	0	0	0	0	0	0	0	0	0	0	0	8	0	0
Centropyge bispinosa	0	0	0	1	0	7	0	3	0	0	1	3	0	0	0	0	2	0	0	0	0	2	0
Cephalopholis spiloparaea	0	0	0	1	0	0	0	0	0	0	0	0	0	0	0	0	0	0	0	0	0	0	0
Choerodon	0	0	0	1	0	0	0	0	0	0	0	0	0	0	0	0	0	0	0	0	0	0	0
Chromis ovatiformes	0	0	0	1	0	0	0	0	0	0	0	0	0	0	0	0	0	0	0	0	0	0	0
Coradion fulvocinctus	0	0	0	1	0	0	0	0	0	0	0	0	1	0	0	0	0	0	0	0	0	0	0
Diancistrus fuscus	0	0	0	1	0	0	0	0	0	0	0	0	0	0	0	0	0	0	0	0	0	0	0
Enneapterygius	0	0	0	1	0	0	0	0	0	0	0	0	0	0	0	0	0	0	0	0	0	0	0
Epibulus insidiator	0	0	0	1	1	2	0	0	0	0	1	0	0	0	0	0	0	0	0	0	0	0	0
Eviota sparsa Jewett & Lachner	0	0	0	1	0	0	0	0	22	0	0	0	0	0	11	0	0	0	0	4	0	0	0
Labropsis manabei	0	0	0	1	0	0	0	0	0	0	0	0	0	0	0	0	0	0	0	0	0	0	0
Meiacanthus atrodorsalis	0	0	0	1	0	3	1	0	0	3	0	0	3	0	0	0	0	1	2	0	3	4	2
Myripristis murdjan	0	0	0	1	0	0	0	0	0	0	0	0	0	0	0	0	0	0	0	0	0	0	0
Neoniphon opercularis	0	0	0	1	0	0	0	0	0	0	0	0	0	0	0	0	0	0	0	0	0	0	0
Ostracion cubicus	0	0	0	1	0	0	0	0	0	0	0	0	0	0	0	0	0	0	0	0	0	0	0
Paracheilinus angulatus	0	0	0	1	0	0	0	0	0	0	0	0	0	0	0	0	0	0	0	0	0	0	0
Paradiancistrus cuyoensis	0	0	0	1	0	0	0	0	0	0	1	0	0	0	0	0	0	0	0	0	0	0	0
Pempheris	0	0	0	1	0	0	0	0	0	0	0	0	0	0	0	0	0	0	0	0	0	0	0
Plagiotremus laudandus	0	0	0	1	0	0	0	0	0	1	0	0	0	0	0	0	0	0	0	0	0	0	0
Priolepis fallacincta Winterbottom & Burridge	0	0	0	1	0	0	0	0	0	0	0	0	0	0	0	0	0	0	0	0	0	0	0
Siphamia cyanophthalma Gon & Allen	0	0	0	1	0	0	0	0	0	0	0	0	0	0	0	0	0	0	0	0	0	0	0
Synchiropus laddi	0	0	0	1	0	0	0	0	0	0	0	0	0	0	0	0	0	0	0	0	0	0	0
Synodus dermatogenys	0	0	0	1	0	0	0	0	1	0	0	0	0	0	0	0	0	0	0	0	0	0	0
Balistapus undulatus	0	0	0	2	0	0	0	0	0	1	0	0	0	0	0	0	0	0	0	0	0	0	0
Centropyge tibicen	0	0	0	2	0	0	0	0	0	1	0	0	0	0	0	0	1	0	0	0	3	0	0
Cephalopholis microprion	0	0	0	2	8	0	0	0	1	0	0	0	23	0	0	0	0	0	0	1	0	0	0
Chromis xanthura	0	0	0	2	0	0	0	0	0	0	0	0	0	0	0	0	0	0	0	0	0	0	0
Ctenochaetus binotatus	0	0	0	5	0	0	0	0	2	0	5	0	0	0	0	0	0	0	0	0	0	0	8
Parapercis pacifica	0	0	0	2	0	0	0	0	0	0	0	0	0	0	0	0	0	0	0	0	0	0	0
Pterois antennata	0	0	0	2	0	0	0	0	0	0	0	0	0	0	0	0	0	0	8	0	0	0	0
Sargocentron caudimaculatum	0	0	0	2	0	0	0	0	0	0	0	0	0	0	0	0	0	0	3	0	0	0	0
Scorpaenodes varipinnis	0	0	0	2	0	0	0	0	0	0	0	0	0	0	0	0	0	0	1	0	0	0	0
Trimma hayashii	0	0	0	2	0	0	0	0	0	0	0	0	0	0	0	0	0	0	0	0	0	0	0
Cirrhilabrus exquisitus	0	0	0	3	61	0	0	26	0	0	8	0	2	0	0	0	0	0	0	0	0	0	0
Trimma milta Winterbottom	0	0	0	3	0	0	0	0	0	1	0	0	0	0	0	0	0	0	56	31	0	0	0
Paracheilinus filamentosus Allen	0	0	0	5	0	0	0	0	0	0	0	0	0	0	0	0	0	0	0	0	0	0	0
Oxycheilinus digramma	0	0	0	8	3	0	1	1	9	0	1	0	0	0	0	0	0	0	0	0	4	0	0
Ctenochaetus striatus	0	0	0	9	0	0	0	0	0	0	0	1	0	0	0	0	0	0	0	0	0	0	0
Cirrhilabrus temminckii	0	0	0	34	0	0	0	0	0	0	0	0	0	0	0	0	0	0	0	0	0	0	0
Cheilodipterus quinquelineatus	0	0	0	19	0	0	4	2	6	7	0	0	16	2	15	4	3	0	1	16	0	0	0
Myripristis kuntee	0	0	0	20	0	0	0	0	0	0	0	1	0	0	0	0	0	0	2	0	0	0	0
Chromis retrofasciata	0	0	0	52	0	0	0	9	1	0	0	350	0	46	0	2	14	95	183	50	0	23	25
Chromis amboinensis	0	0	0	54	0	0	35	0	0	34	400	0	0	0	0	0	0	0	0	0	0	0	0
Cheilinus fasciatus	0	0	0	0	1	0	0	0	0	0	0	0	0	0	0	0	0	0	0	0	0	0	0
Neamia octospina	0	0	0	0	1	0	0	0	0	0	0	0	0	0	0	0	0	0	0	0	0	0	0
Canthigaster ocellicincta Allen & Randall	0	0	0	0	2	0	1	0	2	1	1	0	0	0	0	0	0	0	5	2	0	0	0
Diploprion bifasciatus	0	0	0	0	2	0	0	0	0	0	0	0	0	0	0	0	0	0	0	0	0	0	0
Genicanthus lamarck	0	0	0	0	6	1	0	0	0	0	1	0	0	0	0	0	0	0	0	0	0	0	0
Paracheilinus carpenteri Randall & Lubbock	0	0	0	0	14	0	0	0	0	0	0	0	0	0	0	0	0	0	0	1	0	0	0
Pristiapogon abrogramma	0	0	0	0	2	0	0	0	0	0	0	0	1	0	0	0	0	0	0	0	0	0	0
Trimma taylori Lobel	0	0	0	0	2	16	1	0	94	3	0	23	7	1	20	18	0	1	0	41	0	0	0
Trimma nasa Winterbottom	0	0	0	0	3	4	0	0	21	5	0	7	3	0	0	1	0	9	4	9	0	0	0
Paracheilinus lineopunctatus Randall & Lubbock	0	0	0	0	4	1	0	0	0	0	0	0	0	0	0	0	0	0	0	0	0	0	0
Pomacentrus stigma	0	0	0	0	4	0	0	0	0	0	0	0	9	0	0	0	0	0	0	0	0	0	0
Plectroglyphidodon johnstonianus	0	0	0	0	9	0	0	0	0	0	0	0	0	0	0	0	0	0	0	0	0	0	0
Ostorhinchus neotes	0	0	0	0	32	32	0	0	1	0	30	0	0	0	5	0	0	0	0	113	0	0	0
Chromis alpha Randall	0	0	0	0	54	0	0	0	0	0	0	0	0	0	0	0	0	0	0	0	0	0	0
Anomalops katoptron	0	0	0	0	0	1	0	0	0	0	0	0	0	0	0	0	0	0	0	0	0	0	0
Antennarius	0	0	0	0	0	1	0	0	1	0	0	0	0	0	0	0	0	0	0	0	0	0	0
Centropyge nox	0	0	0	0	0	1	0	0	0	0	0	4	4	0	0	0	0	3	3	0	0	0	0
Chaetodon ornatissimus	0	0	0	0	0	1	0	0	0	0	0	0	0	0	0	0	0	0	0	0	0	0	0
Cheilodipterus macrodon	0	0	0	0	0	1	0	0	0	0	5	0	0	0	0	0	0	0	0	4	0	0	0
Discotrema crinophilum	0	0	0	0	0	1	0	2	0	0	0	0	0	0	3	0	1	0	6	1	0	0	0
Fistularia petimba	0	0	0	0	0	1	0	0	0	0	0	0	0	0	0	0	0	0	0	0	0	0	0
Fowleria aurita	0	0	0	0	0	1	1	1	3	2	0	0	0	0	0	0	0	0	5	0	1	5	0
Helcogramma striatum	0	0	0	0	0	1	0	0	0	0	0	0	0	20	0	0	0	0	0	0	0	0	0
Heniochus diphreutes	0	0	0	0	0	3	0	0	0	0	0	0	0	0	0	0	0	0	0	0	0	0	0
Paracirrhites forsteri	0	0	0	0	0	3	0	0	0	0	0	1	0	0	0	0	0	0	0	0	0	0	0
Pseudoplesiops	0	0	0	0	0	1	0	0	0	0	0	0	1	0	0	0	0	0	0	0	0	0	0
Synodus jaculum Russell & Cressey	0	0	0	0	0	1	0	0	0	0	0	0	0	0	0	0	0	0	0	0	0	4	0
Pervagor melanocephalus	0	0	0	0	0	2	1	0	0	0	1	0	2	0	1	0	0	0	0	0	0	0	0
Sargocentron cornutum	0	0	0	0	0	2	0	0	1	0	0	0	0	0	0	0	0	0	0	0	0	0	0
Heniochus varius	0	0	0	0	0	4	0	0	0	0	0	1	1	0	0	0	0	0	0	0	1	0	0
Trimma cana	0	0	0	0	0	6	0	0	1	0	0	0	0	0	6	0	0	1	4	0	0	0	0
Pomacentrus alexanderae	0	0	0	0	0	8	1	0	0	0	0	0	0	0	0	0	0	0	0	0	0	0	0
Trimma tevegae Cohen & Davis	0	0	0	0	0	8	3	0	103	15	2	12	10	1	25	19	0	12	11	10	0	0	0
Ostorhinchus dispar	0	0	0	0	0	10	0	0	11	18	115	0	4	0	0	0	0	0	0	0	0	0	0
Pterocaesio pisang	0	0	0	0	0	15	0	0	0	0	0	3	0	0	0	0	0	0	0	0	0	0	2
Taeniamia fucata	0	0	0	0	0	16	0	0	0	0	0	0	0	0	0	0	0	0	0	0	0	0	0
Taeniamia biguttata	0	0	0	0	0	27	0	0	0	0	0	0	0	0	0	0	0	0	0	0	0	0	10
Trimma yanoi	0	0	0	0	0	28	32	0	80	0	0	60	2	20	0	0	4	0	4	0	0	0	0
Chromis elerae Fowler & Bean	0	0	0	0	0	72	20	0	0	15	0	4	4	0	0	21	0	2	0	0	0	0	0
Callogobius centrolepis	0	0	0	0	0	0	1	0	1	0	1	0	0	0	0	0	0	0	1	0	0	0	0
Labropsis	0	0	0	0	0	0	1	0	0	0	0	0	0	0	0	0	0	0	0	0	0	0	0
Pseudamia hayashii Randall et al.	0	0	0	0	0	0	1	0	0	0	1	1	0	0	0	0	0	0	0	0	0	1	0
Trimmatom sagma	0	0	0	0	0	0	1	0	1	0	0	0	0	0	12	2	0	1	0	0	0	0	0
Pseudogramma polyacanthum	0	0	0	0	0	0	5	0	0	0	3	0	0	0	0	0	0	0	0	0	0	0	0
Apogonidae	0	0	0	0	0	0	16	0	0	0	0	0	0	0	0	0	0	0	0	0	0	0	0
Rhabdamia spilota	0	0	0	0	0	0	28	0	0	0	0	0	0	0	0	0	0	0	0	0	0	0	0
Myripristis vittata	0	0	0	0	0	0	31	2	13	0	10	0	0	0	0	1	0	2	0	0	0	0	0
Calumia	0	0	0	0	0	0	0	1	0	0	0	0	0	0	0	0	0	0	0	0	0	0	0
Cephalopholis aurantia	0	0	0	0	0	0	0	1	0	0	0	0	0	0	0	0	0	0	0	0	0	0	0
Chrysiptera caeruleolineata	0	0	0	0	0	0	0	1	0	2	0	0	0	0	0	0	0	0	0	0	0	0	0
Ematops randalli Schwarzhans & Nielsen	0	0	0	0	0	0	0	1	0	0	0	0	0	0	0	0	0	0	0	0	0	0	0
Macropharyngodon meleagris	0	0	0	0	0	0	0	1	0	0	0	0	0	0	0	0	0	0	0	0	0	0	0
Neamia articycla	0	0	0	0	0	0	0	1	0	0	0	0	0	0	0	0	0	0	0	0	0	0	0
Pseudojuloides	0	0	0	0	0	0	0	1	0	0	0	0	0	0	0	0	0	0	0	0	0	0	0
Tripterygiidae	0	0	0	0	0	0	0	1	0	0	0	1	0	0	0	0	0	3	0	1	0	0	0
Wetmorella albofasciata	0	0	0	0	0	0	0	2	3	1	0	7	0	0	0	0	0	2	1	0	0	4	1
Lutjanus fulvus	0	0	0	0	0	0	0	3	0	0	0	0	0	0	0	0	0	0	0	0	0	0	0
Lutjanus lutjanus	0	0	0	0	0	0	0	5	0	0	0	0	0	0	0	0	0	0	0	0	0	0	0
Trimma trioculatum Winterbottom et al.	0	0	0	0	0	0	0	0	1	1	0	0	0	0	0	0	0	4	2	0	0	0	0
Apogon posterofasciatus Allen & Randall	0	0	0	0	0	0	0	0	1	0	0	0	0	0	0	0	0	0	0	0	0	0	0
Arothron nigropunctatus	0	0	0	0	0	0	0	0	1	0	0	0	0	0	0	0	0	0	0	0	0	0	0
Bodianus	0	0	0	0	0	0	0	0	1	0	0	0	0	0	0	0	0	0	0	0	0	0	0
Bodianus diana	0	0	0	0	0	0	0	0	1	0	0	0	0	0	0	0	0	0	0	0	0	0	0
Callionymus enneactis	0	0	0	0	0	0	0	0	1	0	0	0	0	0	0	0	0	0	0	0	0	0	0
Callogobius crassus McKinney & Lachner	0	0	0	0	0	0	0	0	1	1	0	0	0	0	0	0	0	0	0	0	0	0	0
Calloplesiops altivelis	0	0	0	0	0	0	0	0	1	0	0	0	0	0	0	0	0	0	0	0	0	0	0
Cephalopholis sexmaculata	0	0	0	0	0	0	0	0	1	0	0	2	0	0	0	0	0	0	0	0	0	0	0
Cirrhitichthys oxycephalus	0	0	0	0	0	0	0	0	1	0	0	0	0	0	0	0	0	0	0	0	0	0	0
Diancistrus karinae	0	0	0	0	0	0	0	0	1	0	0	0	0	0	0	0	0	0	0	0	0	0	0
Dinematichthys iluocoeteoides	0	0	0	0	0	0	0	0	1	0	0	0	0	0	0	0	0	0	0	0	0	0	0
Eleotridae	0	0	0	0	0	0	0	0	1	0	0	0	0	0	0	0	0	0	0	0	0	0	0
Eviota albolineata Jewett & Lachner	0	0	0	0	0	0	0	0	1	0	0	0	0	0	0	0	0	0	0	0	0	0	0
Eviota jewettae Greenfield & Winterbottom	0	0	0	0	0	0	0	0	8	0	0	0	0	0	3	0	0	1	0	1	0	0	0
Myripristis violacea	0	0	0	0	0	0	0	0	1	0	0	0	0	0	0	0	0	4	0	0	0	0	0
Ostorhinchus sealei	0	0	0	0	0	0	0	0	1	0	0	0	0	0	0	0	0	0	0	0	0	0	0
Parioglossus nudus Rennis & Hoese	0	0	0	0	0	0	0	0	1	0	0	0	0	0	0	0	0	0	0	0	0	0	0
Pleurosicya micheli	0	0	0	0	0	0	0	0	1	0	0	1	0	0	0	0	0	1	6	0	0	1	0
Priolepis pallidicincta Winterbottom & Burridge	0	0	0	0	0	0	0	0	1	0	1	1	0	0	0	0	0	2	1	0	0	1	0
Pristicon trimaculatus	0	0	0	0	0	0	0	0	1	0	0	0	0	0	0	0	0	0	0	0	0	0	0
Pseudanthias	0	0	0	0	0	0	0	0	1	0	0	0	0	0	0	0	0	0	0	0	0	0	0
Pygoplites diacanthus	0	0	0	0	0	0	0	0	1	0	0	4	0	0	0	0	0	0	1	0	0	0	0
Sargocentron punctatissimum	0	0	0	0	0	0	0	0	1	0	0	0	0	0	0	0	0	0	0	0	0	0	0
Scorpaenopsis	0	0	0	0	0	0	0	0	1	0	0	0	0	0	0	0	0	0	0	0	0	0	0
Siganus	0	0	0	0	0	0	0	0	3	0	0	0	0	0	0	0	0	0	0	0	0	0	0
Apogon coccineus	0	0	0	0	0	0	0	0	2	0	0	0	0	0	0	0	0	0	2	0	4	2	1
Canthigaster papua ?	0	0	0	0	0	0	0	0	2	0	0	0	2	0	0	0	0	0	0	0	0	0	0
Eurycephalus arenicola	0	0	0	0	0	0	0	0	2	0	0	0	0	0	0	0	0	0	0	0	0	0	0
Eviota nigriventris	0	0	0	0	0	0	0	0	2	0	0	0	0	0	0	0	0	2	1	1	0	0	0
Gymnothorax microstictus Bohlke	0	0	0	0	0	0	0	0	2	0	0	2	0	0	0	0	0	0	0	0	0	0	0
Parupeneus multifasciatus	0	0	0	0	0	0	0	0	2	0	0	0	0	0	0	0	0	0	0	0	0	1	0
Scorpaenopsis fowleri	0	0	0	0	0	0	0	0	2	0	0	0	0	0	0	0	0	0	0	0	0	0	0
Sebastapistes strongia	0	0	0	0	0	0	0	0	2	0	0	0	0	0	0	0	0	0	0	0	0	1	0
Asterorhombus fijiensis	0	0	0	0	0	0	0	0	3	0	0	0	0	0	0	0	0	0	0	0	0	0	0
Chaetodon lunulatus	0	0	0	0	0	0	0	0	3	0	0	0	0	0	0	0	0	0	0	0	0	0	2
Chromis margaritifer	0	0	0	0	0	0	0	0	3	0	0	0	0	3	2	0	0	0	0	0	6	1	3
Dinematichthys	0	0	0	0	0	0	0	0	3	0	0	0	0	0	0	0	0	0	0	0	0	0	0
Pomacentrus lepidogenys	0	0	0	0	0	0	0	0	3	0	0	0	0	0	0	0	0	0	0	0	0	0	0
Wetmorella nigropinnata	0	0	0	0	0	0	0	0	3	0	0	2	0	0	0	0	0	0	0	0	0	0	0
Chromis atripes	0	0	0	0	0	0	0	0	4	0	0	12	0	6	93	13	3	0	313	9	9	29	32
Sargocentron tiereoides	0	0	0	0	0	0	0	0	4	0	2	0	0	0	0	0	0	0	1	0	0	0	1
Trimma hoesei	0	0	0	0	0	0	0	0	6	0	0	0	0	0	14	0	0	0	0	0	0	0	0
Chromis viridis	0	0	0	0	0	0	0	0	8	0	0	7	0	0	0	0	0	0	0	0	0	0	0
Chrysiptera traceyi	0	0	0	0	0	0	0	0	10	0	0	0	0	0	0	0	0	0	0	0	0	0	0
Trimma annosum	0	0	0	0	0	0	0	0	12	0	0	0	0	0	0	0	0	0	0	1	0	0	0
Pomacentrus	0	0	0	0	0	0	0	0	20	0	0	0	0	0	0	0	0	0	0	0	0	0	1
Discordipinna griessingeri Hoese & Fourmanoir	0	0	0	0	0	0	0	0	0	1	0	0	0	0	0	0	0	0	0	0	0	0	0
Scorpaenopsis papuensis	0	0	0	0	0	0	0	0	0	1	1	0	0	0	0	0	0	0	0	0	0	0	0
Paracheilinus octotaenia	0	0	0	0	0	0	0	0	0	2	0	0	0	0	0	0	0	0	0	0	0	0	0
Cercamia	0	0	0	0	0	0	0	0	0	0	1	0	0	0	0	0	0	0	0	0	0	0	0
Gracila polleni	0	0	0	0	0	0	0	0	0	0	1	0	0	0	0	0	0	0	0	0	0	0	0
Lubbockichthys multisquamatus	0	0	0	0	0	0	0	0	0	0	1	0	0	0	0	0	0	2	0	0	0	0	0
Naso vlamingii	0	0	0	0	0	0	0	0	0	0	1	0	0	0	0	0	0	0	0	0	0	0	0
Nemateleotris	0	0	0	0	0	0	0	0	0	0	1	0	0	0	0	0	0	0	0	0	0	0	0
Neoglyphidodon thoracotaeniatus	0	0	0	0	0	0	0	0	0	0	1	0	0	0	0	0	0	0	2	0	0	0	0
Pterocaesio	0	0	0	0	0	0	0	0	0	0	1	0	0	0	0	0	0	0	0	0	0	0	0
Trimma anaima Winterbottom	0	0	0	0	0	0	0	0	0	0	1	0	0	0	0	0	3	0	1	3	0	0	0
Callogobius flavobrunneus	0	0	0	0	0	0	0	0	0	0	2	0	0	0	0	0	0	0	0	0	0	0	0
Asterropteryx striata	0	0	0	0	0	0	0	0	0	0	3	0	6	0	0	0	0	0	0	0	4	0	0
Amblyglyphidodon	0	0	0	0	0	0	0	0	0	0	4	1	2	0	0	0	0	0	1	0	0	0	0
Plectranthias inermis Randall	0	0	0	0	0	0	0	0	0	0	9	0	0	0	0	0	0	0	0	0	0	0	0
Cirrhilabrus lubbocki Randall & Carpenter	0	0	0	0	0	0	0	0	0	0	69	0	0	0	0	0	0	0	0	0	0	0	0
Callogobius maculipinnis	0	0	0	0	0	0	0	0	0	0	0	1	0	0	0	0	0	0	0	0	0	0	0
Cephalopholis aitha Randall & Heemstra	0	0	0	0	0	0	0	0	0	0	0	1	0	0	0	0	0	0	0	0	0	0	0
Cephalopholis miniata	0	0	0	0	0	0	0	0	0	0	0	1	0	0	1	0	0	0	0	0	0	0	0
Halichoeres melasmapomus Randall	0	0	0	0	0	0	0	0	0	0	0	1	0	0	0	0	0	0	0	0	0	0	0
Labropsis alleni Randall	0	0	0	0	0	0	0	0	0	0	0	1	0	0	0	0	0	0	0	0	0	0	0
Nectamia luxuria Fraser	0	0	0	0	0	0	0	0	0	0	0	1	0	0	0	0	0	0	0	0	0	0	0
Pomacentrus nigromanus	0	0	0	0	0	0	0	0	0	0	0	1	0	0	0	0	0	0	0	0	0	0	0
Nectamia savayensis	0	0	0	0	0	0	0	0	0	0	0	2	0	0	0	0	0	0	0	0	0	3	0
Priacanthus blochii	0	0	0	0	0	0	0	0	0	0	0	2	0	0	0	0	0	0	0	0	0	0	0
Scorpaenodes guamensis	0	0	0	0	0	0	0	0	0	0	0	2	0	0	0	0	0	0	0	0	0	0	0
Apogon dianthus	0	0	0	0	0	0	0	0	0	0	0	3	0	0	0	0	0	0	0	0	0	0	0
Calumia biocellata	0	0	0	0	0	0	0	0	0	0	0	3	0	0	0	0	0	0	0	0	1	0	0
Centropyge multifasciatus	0	0	0	0	0	0	0	0	0	0	0	3	0	0	0	0	0	1	0	0	0	0	0
Zebrasoma scopas	0	0	0	0	0	0	0	0	0	0	0	3	4	0	0	0	0	0	0	0	0	0	0
Nectamia viria Fraser	0	0	0	0	0	0	0	0	0	0	0	8	0	0	0	0	0	0	0	0	0	0	3
Trimma flavatrum	0	0	0	0	0	0	0	0	0	0	0	8	0	0	0	0	0	0	0	0	0	0	0
Pempheris schwenkii	0	0	0	0	0	0	0	0	0	0	0	13	0	0	0	0	0	0	0	0	0	0	0
Apogon aroubiensis	0	0	0	0	0	0	0	0	0	0	0	24	0	0	0	0	0	0	0	0	0	0	0
Asterorhombus filifer	0	0	0	0	0	0	0	0	0	0	0	0	0	0	0	0	0	0	0	0	0	0	0
Ancistrogobius dipus	0	0	0	0	0	0	0	0	0	0	0	0	1	0	0	0	0	0	0	0	0	0	0
Caesio cuning	0	0	0	0	0	0	0	0	0	0	0	0	1	0	0	0	0	0	0	0	0	0	0
Cephalopholis	0	0	0	0	0	0	0	0	0	0	0	0	1	0	0	0	0	0	0	0	0	0	0
Choerodon anchorago	0	0	0	0	0	0	0	0	0	0	0	0	1	0	0	0	0	0	0	0	0	0	0
Chromis delta Randall	0	0	0	0	0	0	0	0	0	0	0	0	1	5	0	27	32	30	0	57	1	0	0
Cirrhitichthys aprinus	0	0	0	0	0	0	0	0	0	0	0	0	1	0	8	6	0	0	0	4	0	0	0
Engyprosopon macrolepis	0	0	0	0	0	0	0	0	0	0	0	0	1	0	0	0	0	0	0	0	0	0	0
Microbrotula polyactis	0	0	0	0	0	0	0	0	0	0	0	0	1	0	0	0	0	2	0	0	0	0	0
Pictichromis porphyrea	0	0	0	0	0	0	0	0	0	0	0	0	1	0	0	0	0	3	2	0	0	0	0
Pseudupeneus barberinus	0	0	0	0	0	0	0	0	0	0	0	0	1	0	0	0	0	0	0	0	0	0	0
Pteropsaron springeri	0	0	0	0	0	0	0	0	0	0	0	0	1	0	0	0	0	0	0	0	0	0	0
Thysanophrys chiltonae Schultz	0	0	0	0	0	0	0	0	0	0	0	0	1	0	0	0	0	0	0	2	0	0	0
Trimma rubromaculatum	0	0	0	0	0	0	0	0	0	0	0	0	1	0	0	0	0	0	0	0	0	0	0
Valenciennea puellaris	0	0	0	0	0	0	0	0	0	0	0	0	1	0	0	0	0	0	0	0	0	0	0
Chaetodon octofasciatus	0	0	0	0	0	0	0	0	0	0	0	0	2	0	0	0	0	0	0	0	0	0	0
Oxycirrhites typus	0	0	0	0	0	0	0	0	0	0	0	0	2	0	0	0	0	0	0	0	0	0	0
Parapercis xanthozona	0	0	0	0	0	0	0	0	0	0	0	0	2	0	0	0	0	0	0	0	0	0	0
Ancistrogobius yoshigoui	0	0	0	0	0	0	0	0	0	0	0	0	3	0	0	0	0	0	0	0	0	0	0
Epinephelus summana	0	0	0	0	0	0	0	0	0	0	0	0	3	0	0	0	0	0	0	0	0	0	0
Ctenochaetus tomeniensis	0	0	0	0	0	0	0	0	0	0	0	0	6	0	0	0	0	0	0	0	0	0	0
Lutjanus biguttatus	0	0	0	0	0	0	0	0	0	0	0	0	18	0	0	0	0	4	0	0	0	0	0
Centriscus	0	0	0	0	0	0	0	0	0	0	0	0	80	0	0	0	0	0	0	0	0	0	0
Ecsenius dilemma Springer	0	0	0	0	0	0	0	0	0	0	0	0	0	6	3	0	0	0	0	0	0	0	0
Gnatholepis	0	0	0	0	0	0	0	0	0	0	0	0	0	3	0	2	17	3	9	2	2	1	9
Ostorhinchus cavitensis	0	0	0	0	0	0	0	0	0	0	0	0	0	2	0	0	0	0	0	0	0	0	0
Samariscus triocellatus	0	0	0	0	0	0	0	0	0	0	0	0	0	2	0	0	0	0	1	2	0	0	0
Aspidontus taeniatus taeniatus	0	0	0	0	0	0	0	0	0	0	0	0	0	0	1	0	0	0	0	0	0	0	1
Diancistrus springeri	0	0	0	0	0	0	0	0	0	0	0	0	0	0	4	0	0	0	0	0	0	0	0
Myripristis trachyacron	0	0	0	0	0	0	0	0	0	0	0	0	0	0	1	0	0	0	0	0	0	0	0
Ostorhinchus aureus	0	0	0	0	0	0	0	0	0	0	0	0	0	0	4	0	0	0	0	0	0	0	0
Sueviota lachneri Winterbottom & Hoese	0	0	0	0	0	0	0	0	0	0	0	0	0	0	12	0	0	3	0	0	0	0	0
Cirripectes polyzona	0	0	0	0	0	0	0	0	0	0	0	0	0	0	0	1	0	0	0	0	0	0	0
Halichoeres chrysus Randall	0	0	0	0	0	0	0	0	0	0	0	0	0	0	0	5	0	0	0	0	0	0	3
Lepadichthys caritus Briggs	0	0	0	0	0	0	0	0	0	0	0	0	0	0	0	2	0	0	0	0	0	0	0
Opistognathus randalli	0	0	0	0	0	0	0	0	0	0	0	0	0	0	0	0	4	0	0	0	0	0	0
Synchiropus	0	0	0	0	0	0	0	0	0	0	0	0	0	0	0	0	1	0	0	0	0	0	1
Antennarius coccineus	0	0	0	0	0	0	0	0	0	0	0	0	0	0	0	0	0	1	2	0	0	0	0
Chaetodon mertensii	0	0	0	0	0	0	0	0	0	0	0	0	0	0	0	0	0	1	0	0	0	0	0
Crossosalarias macrospilus Smith-Vaniz & Springer	0	0	0	0	0	0	0	0	0	0	0	0	0	0	0	0	0	1	0	0	0	0	0
Fowleria talboti	0	0	0	0	0	0	0	0	0	0	0	0	0	0	0	0	0	2	0	0	0	0	0
Gymnapogon	0	0	0	0	0	0	0	0	0	0	0	0	0	0	0	0	0	2	0	0	0	0	0
Liopropoma	0	0	0	0	0	0	0	0	0	0	0	0	0	0	0	0	0	1	0	0	0	0	0
Meiacanthus grammistes	0	0	0	0	0	0	0	0	0	0	0	0	0	0	0	0	0	1	1	0	0	0	0
Paragobiodon	0	0	0	0	0	0	0	0	0	0	0	0	0	0	0	0	0	1	0	0	0	0	0
Pseudoplesiops annae	0	0	0	0	0	0	0	0	0	0	0	0	0	0	0	0	0	11	0	0	0	0	0
Asterropteryx bipunctatus	0	0	0	0	0	0	0	0	0	0	0	0	0	0	0	0	0	0	6	2	0	0	0
Atrosalarias hosokawai Suzuki & Senou	0	0	0	0	0	0	0	0	0	0	0	0	0	0	0	0	0	0	1	0	0	0	0
Cheilinus bimaculatus	0	0	0	0	0	0	0	0	0	0	0	0	0	0	0	0	0	0	3	0	0	0	0
Ctenochaetus tominiensis	0	0	0	0	0	0	0	0	0	0	0	0	0	0	0	0	0	0	2	0	0	0	0
Pleurosicya labiata	0	0	0	0	0	0	0	0	0	0	0	0	0	0	0	0	0	0	3	1	0	0	0
Pseudochromidae	0	0	0	0	0	0	0	0	0	0	0	0	0	0	0	0	0	0	2	0	0	0	0
Siphamia argentea	0	0	0	0	0	0	0	0	0	0	0	0	0	0	0	0	0	0	1	0	0	1	0
Synchiropus splendidus	0	0	0	0	0	0	0	0	0	0	0	0	0	0	0	0	0	0	1	0	0	0	0
Anampses melanurus	0	0	0	0	0	0	0	0	0	0	0	0	0	0	0	0	0	0	0	1	0	0	0
Asterropteryx semipunctata	0	0	0	0	0	0	0	0	0	0	0	0	0	0	0	0	0	0	0	3	0	0	0
Canthigaster axiologus	0	0	0	0	0	0	0	0	0	0	0	0	0	0	0	0	0	0	0	2	0	0	0
Corythoichthys ocellatus	0	0	0	0	0	0	0	0	0	0	0	0	0	0	0	0	0	0	0	1	0	0	0
Foa	0	0	0	0	0	0	0	0	0	0	0	0	0	0	0	0	0	0	0	2	0	0	0
Gnatholepis anjerensis	0	0	0	0	0	0	0	0	0	0	0	0	0	0	0	0	0	0	0	2	0	0	0
Gnatholepis cauerensis cauerensis	0	0	0	0	0	0	0	0	0	0	0	0	0	0	0	0	0	0	0	8	0	0	0
Parapercis clathrata	0	0	0	0	0	0	0	0	0	0	0	0	0	0	0	0	0	0	0	4	0	0	0
Parapriacanthus	0	0	0	0	0	0	0	0	0	0	0	0	0	0	0	0	0	0	0	11	0	0	0
Pomacentrus amboinensis	0	0	0	0	0	0	0	0	0	0	0	0	0	0	0	0	0	0	0	6	1	0	5
Amphiprion frenatus	0	0	0	0	0	0	0	0	0	0	0	0	0	0	0	0	0	0	0	0	2	0	0
Aporops	0	0	0	0	0	0	0	0	0	0	0	0	0	0	0	0	0	0	0	0	1	0	0
Centropyge flavicauda	0	0	0	0	0	0	0	0	0	0	0	0	0	0	0	0	0	0	0	0	5	2	0
Chaetodon punctatofasciatus	0	0	0	0	0	0	0	0	0	0	0	0	0	0	0	0	0	0	0	0	2	0	0
Epinephelus cyanopodus	0	0	0	0	0	0	0	0	0	0	0	0	0	0	0	0	0	0	0	0	2	0	0
Scorpaenopsis vittapinna Randall & Eschmeyer	0	0	0	0	0	0	0	0	0	0	0	0	0	0	0	0	0	0	0	0	1	0	0
Ungusurculus philippinensis Schwarzhans & Moller	0	0	0	0	0	0	0	0	0	0	0	0	0	0	0	0	0	0	0	0	2	0	0
Acanthurus	0	0	0	0	0	0	0	0	0	0	0	0	0	0	0	0	0	0	0	0	0	1	0
Apogon leptacanthus	0	0	0	0	0	0	0	0	0	0	0	0	0	0	0	0	0	0	0	0	0	1	0
Archamia	0	0	0	0	0	0	0	0	0	0	0	0	0	0	0	0	0	0	0	0	0	1	0
Canthigaster janthinoptera	0	0	0	0	0	0	0	0	0	0	0	0	0	0	0	0	0	0	0	0	0	1	0
Parapercis tetracantha	0	0	0	0	0	0	0	0	0	0	0	0	0	0	0	0	0	0	0	0	0	2	0
Parapriacanthus guentheri	0	0	0	0	0	0	0	0	0	0	0	0	0	0	0	0	0	0	0	0	0	116	0
Pomacanthus imperator	0	0	0	0	0	0	0	0	0	0	0	0	0	0	0	0	0	0	0	0	0	1	0
Pseudojuloides cerasinus	0	0	0	0	0	0	0	0	0	0	0	0	0	0	0	0	0	0	0	0	0	1	0
Acanthurus mata	0	0	0	0	0	0	0	0	0	0	0	0	0	0	0	0	0	0	0	0	0	0	1
Acanthurus pyroferus	0	0	0	0	0	0	0	0	0	0	0	0	0	0	0	0	0	0	0	0	0	0	1
Epinephelus microdon	0	0	0	0	0	0	0	0	0	0	0	0	0	0	0	0	0	0	0	0	0	0	1
Eviota nebulosa Smith	0	0	0	0	0	0	0	0	0	0	0	0	0	0	0	0	0	0	0	0	0	0	1
Eviota nigramembrana Greenfield & Suzuki	0	0	0	0	0	0	0	0	0	0	0	0	0	0	0	0	0	0	0	0	0	0	1
Scorpaenopsis diabolus	0	0	0	0	0	0	0	0	0	0	0	0	0	0	0	0	0	0	0	0	0	0	1
